0;5
1;0
1;371
1;311
2;0
2;1
2;164
3;0
3;1
3;2
3;530
3;713
4;0
4;1
4;2
4;3
4;6
4;212
4;151
5;90
5;211
5;54
6;772
6;430
7;0
7;1
7;1461
8;5
9;0
9;1
9;2
9;3
9;17
9;120
10;0
10;1
11;8
11;5
12;8
12;11
12;5
12;158
13;0
13;1
13;667
13;7
14;8
14;11
14;12
14;5
15;0
15;129
15;2
15;3
15;1
15;9
15;664
15;380
16;5
16;8
16;844
16;11
16;12
16;109
16;14
17;40
17;41
17;712
18;0
18;1
18;2
18;3
18;4
18;6
19;5
19;8
19;11
19;12
19;14
19;16
20;0
20;1
20;5
20;8
20;10
20;11
21;0
21;1
21;10
21;346
22;17
23;0
23;1
23;2
23;3
23;7
23;13
24;0
24;1
24;2
24;3
25;0
25;1
25;2
25;3
25;6
25;35
26;17
26;22
27;0
27;1
27;2
27;3
27;1304
28;8
28;171
28;5
28;63
29;6
30;0
30;1
30;2
30;3
30;4
30;6
31;0
31;1
31;2
31;3
31;197
31;24
32;0
32;1
32;2
32;3
32;9
32;17
33;8
33;57
33;28
33;5
34;17
36;0
36;1
36;2
36;3
36;5
36;8
36;28
37;0
37;1
37;10
37;114
38;410
38;35
39;0
39;1
39;10
39;37
40;166
42;0
42;5
43;5
43;8
43;368
43;17
43;22
43;28
44;40
44;17
44;41
45;5
45;8
45;43
45;17
45;22
45;28
46;32
46;0
46;2
46;3
46;1
46;9
46;879
46;17
46;187
47;0
47;1
47;2
47;3
47;9
47;17
48;5
48;8
48;43
48;1134
48;17
48;22
48;28
49;0
49;1
49;2
49;3
49;133
49;24
49;31
50;6
51;0
51;5
51;71
52;35
52;1302
52;38
53;140
53;6
54;764
54;535
55;0
55;1
55;2
55;3
55;5
55;6
55;8
55;43
55;45
55;17
55;35
55;22
55;25
55;28
56;5
56;8
56;43
56;17
56;22
56;28
57;216
58;53
58;6
59;32
59;0
59;2
59;3
59;1
59;9
59;46
59;17
60;238
60;58
60;53
60;6
61;0
61;1
61;2
61;3
61;249
61;730
62;24
62;0
62;2
62;3
62;1
64;0
64;1
64;2
64;3
64;5
64;49
64;8
64;43
64;48
64;17
64;22
64;24
64;28
64;31
65;0
65;1
65;10
65;21
66;0
66;1
66;2
66;3
67;8
67;5
68;8
68;5
69;5
69;8
69;11
69;12
69;14
69;16
69;145
69;1239
70;0
70;1
70;2
70;3
70;7
70;9
70;15
70;1299
71;78
72;8
72;33
72;28
72;5
72;57
73;0
73;1
73;2
73;3
73;27
73;606
74;5
74;8
74;11
74;12
74;14
74;16
75;614
75;6
76;8
76;5
77;0
77;1
77;10
77;356
77;37
79;17
79;34
80;5
80;8
80;11
80;12
80;14
80;511
81;0
81;1
81;2
81;3
81;36
81;5
81;8
81;28
82;0
82;1
82;10
82;127
83;35
84;0
84;1
84;2
84;3
84;40
84;136
84;24
84;92
85;8
85;11
85;12
85;5
85;958
86;0
86;1
86;2
86;3
86;99
86;854
86;27
87;0
87;1
87;10
87;77
87;37
88;0
88;1
88;66
88;3
88;714
88;2
88;510
89;0
89;1
89;37
89;39
89;8
89;10
89;11
89;12
89;14
89;16
89;5
91;40
93;5
93;6
93;8
93;43
93;17
93;22
93;56
93;28
93;29
94;0
94;1
94;5
94;8
94;10
94;43
94;77
94;17
94;22
94;28
94;37
95;177
95;78
95;71
96;5
96;8
96;43
96;589
96;17
96;22
96;28
97;33
97;5
97;134
97;8
97;57
97;28
97;221
98;0
98;1
98;2
98;3
98;41
98;27
99;550
100;0
100;42
100;5
101;0
101;1
101;2
101;3
101;5
101;8
101;10
101;11
101;20
101;61
102;720
102;53
102;6
103;0
103;1
103;2
103;3
103;4
103;6
103;1156
103;121
104;8
104;33
104;28
104;5
104;57
105;99
106;97
106;5
106;33
106;8
106;57
106;28
107;50
107;1211
107;6
108;97
108;5
108;33
108;8
108;106
108;57
108;28
110;0
110;1
110;2
110;3
110;49
110;131
110;24
110;542
110;31
111;0
111;51
111;5
111;71
112;8
112;76
112;29
112;6
112;5
113;0
113;1
113;2
113;3
113;73
113;99
113;86
113;27
115;0
115;1
115;2
115;3
115;4
115;6
115;30
116;58
116;53
116;6
117;0
117;1
117;66
117;3
117;5
117;8
117;11
117;12
117;2
117;14
117;16
117;19
117;88
118;0
118;51
118;5
118;71
119;0
119;1
119;2
119;3
119;229
119;7
119;13
119;23
120;329
122;0
122;1
122;2
122;3
122;4
122;6
122;115
122;30
123;58
123;1370
123;53
123;6
124;8
124;11
124;12
124;5
125;0
125;1
125;2
125;3
125;4
125;37
125;6
125;39
125;10
125;30
126;35
126;52
126;109
126;38
128;0
128;1
128;2
128;3
128;27
128;1439
130;8
130;5
130;453
132;0
132;1
132;898
132;13
132;7
133;399
134;745
135;0
135;1
135;2
135;3
135;61
137;11
137;5
137;8
137;297
137;43
137;12
137;14
137;17
137;22
137;56
137;28
138;0
138;1
138;2
138;3
138;70
138;7
138;9
138;15
139;0
139;1
139;10
139;37
139;39
141;0
141;1
141;2
141;3
141;4
141;6
141;30
142;288
142;5
142;8
142;11
142;12
142;124
143;5
143;8
143;11
143;12
143;14
143;80
144;5
144;8
144;11
144;12
144;142
144;470
144;124
146;50
146;107
146;6
147;35
147;38
147;204
147;109
147;52
147;471
147;126
148;0
148;1
148;130
148;3
148;5
148;7
148;8
148;23
148;2
148;13
148;119
149;38
149;35
149;52
149;109
149;126
150;43
150;5
150;8
150;137
150;11
150;12
150;14
150;17
150;195
150;22
150;56
150;28
151;162
152;0
152;1
152;2
152;1500
152;752
153;0
153;1
153;5
153;8
153;585
153;10
153;43
153;77
153;17
153;22
153;28
153;94
153;37
154;0
154;5
155;58
155;123
155;53
155;6
156;5
156;8
156;43
156;45
156;17
156;22
156;28
157;0
157;1
157;2
157;3
157;4
157;6
157;387
157;151
159;97
159;5
159;33
159;8
159;106
159;57
159;28
159;522
160;0
160;1
160;2
160;3
160;70
160;7
160;9
160;138
160;15
161;0
161;1
161;2
161;3
161;4
161;6
161;141
161;30
162;292
163;129
163;258
165;0
165;1
165;2
165;3
165;133
165;49
165;24
165;31
167;0
167;1
167;130
167;3
167;5
167;7
167;8
167;119
167;2
167;13
167;148
167;23
168;0
168;161
168;2
168;3
168;4
168;6
168;1
168;141
168;30
169;92
170;0
170;1
170;2
170;3
170;4
170;6
170;103
170;121
172;8
172;76
172;5
173;441
173;938
173;35
173;52
173;38
174;0
174;1
174;10
174;77
174;37
175;0
175;1
175;98
175;3
175;41
175;2
175;27
176;0
176;1
176;13
176;7
178;123
178;58
178;155
178;53
178;6
179;129
180;11
180;5
180;8
180;137
180;43
180;12
180;14
180;17
180;150
180;56
180;22
180;28
180;765
181;0
181;1
181;2
181;3
181;40
181;136
181;84
181;24
181;92
182;0
182;1
182;2
182;3
182;9
182;47
182;17
183;5
183;8
183;11
183;12
183;109
183;14
183;16
184;385
184;5
184;8
184;11
184;12
184;124
185;0
185;1
185;5
185;8
185;10
185;11
185;20
186;32
186;0
186;2
186;3
186;1
186;9
186;46
186;17
186;270
186;352
186;59
188;90
188;5
188;54
188;597
189;146
189;107
189;50
189;6
190;169
190;92
191;131
192;0
192;1
192;2
192;3
192;4
192;6
192;115
192;30
193;96
193;11
193;5
193;8
193;43
193;12
193;14
193;17
193;786
193;22
193;248
193;28
194;177
196;232
196;162
197;946
198;145
199;0
199;1
199;2
199;3
199;61
200;162
200;314
200;151
201;0
201;1
201;645
201;681
201;10
201;82
201;127
202;5
202;8
202;171
202;396
202;28
202;63
203;0
203;1
203;201
203;10
203;305
203;82
203;127
204;1113
205;0
205;129
205;2
205;3
205;1
205;9
205;298
205;15
206;0
206;1
206;5
206;8
206;10
206;11
206;20
206;185
207;131
207;191
208;204
209;162
209;196
210;209
210;162
210;196
212;976
213;35
213;38
213;204
213;109
213;690
213;147
213;52
213;126
214;8
214;11
214;12
214;85
214;5
215;140
217;0
217;1
217;2
217;3
217;212
217;27
218;0
218;1
218;2
218;3
218;197
218;1379
218;24
218;479
218;31
219;171
220;0
220;51
220;5
220;71
222;129
222;163
222;278
223;121
224;0
224;1
224;2
224;3
224;133
224;49
224;24
224;475
224;31
225;0
225;1
225;2
225;3
225;40
225;136
225;84
225;181
225;24
225;92
226;40
226;1043
226;91
227;707
227;749
227;54
228;97
228;5
228;33
228;8
228;106
228;57
228;28
229;360
229;1428
229;804
229;543
230;0
230;1
230;2
230;3
230;7
230;13
230;23
231;164
233;177
233;71
233;78
233;95
234;577
234;5
234;8
234;43
234;17
234;22
234;56
234;602
234;28
235;0
235;161
235;2
235;3
235;4
235;6
235;1
235;168
235;141
235;30
236;0
236;1
236;82
236;10
236;127
237;129
239;17
239;34
239;79
240;192
240;0
240;2
240;3
240;4
240;6
240;1
240;1351
240;115
240;405
240;30
241;40
241;166
242;0
242;1
242;66
242;3
242;5
242;42
242;2
243;155
243;6
243;178
243;53
243;58
243;123
244;169
244;92
244;190
245;0
245;1
245;2
245;3
245;36
245;5
245;8
245;28
246;131
247;232
247;162
247;196
249;1490
249;357
250;92
250;169
250;244
250;190
251;0
251;1
251;66
251;3
251;5
251;42
251;2
251;1389
251;242
252;0
252;1
252;10
252;114
252;37
253;33
253;35
253;5
253;97
253;8
253;106
253;108
253;83
253;57
253;28
254;8
254;11
254;12
254;5
254;14
255;131
255;998
255;191
256;5
256;8
256;43
256;45
256;17
256;22
256;216
256;28
257;0
257;1
257;2
257;3
257;230
257;7
257;13
257;23
257;350
258;694
259;0
259;42
259;100
259;5
260;209
260;210
260;196
260;162
261;5
261;8
261;11
261;12
261;142
261;144
261;124
262;78
263;0
263;5
264;0
264;1
264;66
264;3
264;5
264;42
264;2
264;242
265;129
265;237
266;0
266;1
266;2
266;3
266;197
266;24
266;31
267;35
267;38
267;173
267;692
267;377
267;52
268;558
268;78
268;262
269;33
269;5
269;72
269;8
269;57
269;28
269;1150
271;0
271;1
271;7
272;6
272;146
272;107
272;466
272;50
272;189
273;0
273;161
273;2
273;3
273;4
273;6
273;1
273;168
273;235
273;141
273;30
274;0
274;1
274;130
274;3
274;5
274;7
274;8
274;119
274;2
274;13
274;148
274;23
275;803
275;5
275;8
275;11
275;12
275;14
276;121
276;223
277;0
277;33
277;2
277;3
277;5
277;1
277;72
277;266
277;783
277;8
277;24
277;57
277;31
277;28
277;197
279;145
280;256
280;448
280;5
280;8
280;43
280;45
280;17
280;22
280;216
280;28
281;33
281;35
281;5
281;38
281;72
281;109
281;8
281;52
281;149
281;57
281;28
281;126
282;40
282;241
282;166
283;0
283;1
283;130
283;3
283;4
283;5
283;6
283;7
283;8
283;119
283;2
283;13
283;148
283;23
283;151
283;157
284;0
284;1
284;1269
285;140
285;53
285;6
286;35
286;38
286;204
286;109
286;147
286;52
286;213
286;126
287;0
287;1
287;98
287;3
287;41
287;2
287;531
287;27
288;1197
289;5
289;710
289;8
289;11
289;12
289;109
289;14
289;16
289;183
289;805
290;35
291;0
291;1
291;2
291;3
291;171
291;24
291;698
293;97
293;5
293;33
293;8
293;106
293;57
293;28
293;159
294;0
294;51
294;220
294;5
294;71
295;166
296;145
296;279
299;166
299;295
300;129
300;179
301;63
302;208
302;204
303;0
303;1
303;2
303;3
303;9
303;17
303;120
304;58
304;116
304;53
304;6
306;32
306;0
306;2
306;3
306;1
306;9
306;46
306;17
306;59
307;8
307;76
307;172
307;5
308;129
308;179
308;300
309;164
309;1069
310;301
310;63
312;0
312;1
312;37
312;10
312;77
312;433
312;87
313;0
313;1
313;2
313;3
313;24
313;62
315;32
315;0
315;2
315;3
315;1
315;9
315;46
315;17
315;270
315;186
315;59
316;0
316;257
316;2
316;3
316;230
316;1
316;7
316;13
316;23
316;1184
317;78
317;262
318;129
318;237
319;129
319;258
319;163
320;129
320;179
320;308
320;300
321;800
321;35
321;38
321;204
321;109
321;147
321;52
321;213
321;126
322;90
322;188
322;5
322;54
323;129
323;237
324;256
324;5
324;8
324;43
324;45
324;17
324;22
324;216
324;28
325;314
326;17
326;26
326;22
327;17
327;34
327;79
327;239
328;0
328;1
328;2
328;3
328;4
328;6
328;115
328;570
328;30
330;169
330;250
330;92
330;244
330;190
331;301
331;63
332;0
332;386
332;5
332;71
332;51
332;118
333;33
333;5
333;8
333;28
333;43
333;45
333;17
333;22
333;57
333;156
334;0
334;257
334;2
334;3
334;230
334;1
334;201
334;10
334;7
334;13
334;305
334;82
334;203
334;23
334;127
335;58
335;123
335;53
335;6
336;5
336;8
336;234
336;43
336;17
336;22
336;56
336;28
337;0
337;33
337;2
337;3
337;5
337;1
337;72
337;266
337;197
337;8
337;277
337;24
337;57
337;28
337;31
338;97
338;5
338;33
338;8
338;106
338;108
338;57
338;28
339;140
340;0
340;1
340;37
340;39
340;8
340;10
340;11
340;12
340;14
340;16
340;89
340;5
341;0
341;42
341;868
341;5
342;17
342;34
343;0
343;1
343;641
343;311
344;8
344;172
344;307
344;76
344;5
345;17
345;34
345;342
347;121
347;276
347;223
348;268
348;262
348;78
349;216
351;145
351;718
353;0
353;1
353;2
353;3
353;110
353;49
353;131
353;24
353;31
354;0
354;1
354;2
354;3
354;101
354;8
354;10
354;11
354;20
354;1183
354;61
354;5
355;256
355;324
355;5
355;8
355;43
355;45
355;17
355;22
355;216
355;28
358;17
358;26
358;22
358;326
359;0
359;1
359;356
359;37
359;10
359;77
361;195
362;134
363;0
363;1
363;2
363;3
363;374
363;24
363;313
363;62
364;97
364;5
364;33
364;8
364;106
364;108
364;57
364;28
365;129
365;258
365;163
366;78
366;262
367;92
367;169
367;244
367;190
369;8
369;68
369;5
370;0
370;1
370;311
370;343
372;131
372;191
373;35
375;6
376;360
376;568
378;0
378;1
378;2
378;3
378;4
378;37
378;6
378;39
378;10
378;125
378;30
379;249
379;357
381;278
382;0
382;1
382;2
382;3
382;73
382;113
382;99
382;86
382;27
383;209
383;210
383;196
383;162
384;0
384;42
384;5
388;0
388;1
388;2
388;3
388;4
388;37
388;6
388;39
388;10
388;35
388;378
388;38
388;125
388;30
389;129
390;129
390;179
390;300
390;902
391;164
391;231
392;0
392;1
392;37
392;39
392;8
392;10
392;11
392;12
392;14
392;16
392;340
392;89
392;5
393;176
393;0
393;7
393;13
393;1
394;256
394;962
394;5
394;8
394;156
394;43
394;45
394;17
394;22
394;216
394;28
395;0
395;1
395;2
395;3
395;4
395;6
395;30
397;158
398;0
398;1
398;2
398;164
400;384
400;0
400;42
400;5
401;339
401;140
402;35
402;52
402;173
402;38
403;133
403;399
404;0
404;1
404;2
404;3
404;5
404;8
404;43
404;45
404;17
404;22
404;24
404;28
406;17
406;26
406;326
406;22
406;358
407;6
407;107
407;146
407;272
407;50
407;189
408;99
409;0
409;161
409;2
409;3
409;4
409;262
409;6
409;1
409;168
409;235
409;141
409;366
409;273
409;78
409;30
410;1283
411;0
411;1
411;66
411;3
411;5
411;42
411;2
411;242
412;129
412;795
412;389
413;0
413;1
413;2
413;3
413;73
413;113
413;99
413;86
413;27
414;5
414;8
414;11
414;12
414;1045
414;124
415;0
415;257
415;2
415;3
415;230
415;1
415;201
415;10
415;7
415;13
415;334
415;305
415;82
415;203
415;23
415;127
416;249
416;357
417;0
417;1
417;2
417;627
417;164
418;248
419;238
420;261
420;8
420;11
420;12
420;142
420;144
420;124
420;5
421;8
421;76
421;5
421;1398
421;655
422;0
422;1
422;2
422;3
422;4
422;6
422;115
422;122
422;30
423;680
423;357
424;0
424;1
424;2
424;3
424;4
424;6
424;328
424;115
424;30
425;376
425;360
426;121
426;223
427;17
427;34
427;342
428;0
428;257
428;2
428;3
428;230
428;1
428;201
428;10
428;7
428;13
428;334
428;305
428;82
428;203
428;23
428;127
429;32
429;0
429;2
429;3
429;1
429;9
429;46
429;17
429;306
429;59
431;105
431;99
432;410
433;1233
434;0
434;936
434;42
434;1059
434;5
435;5
435;8
435;11
435;12
435;14
435;275
436;0
436;1
436;356
436;37
436;10
436;77
436;447
437;512
437;249
437;357
437;494
438;209
438;210
438;260
438;196
438;162
439;6
439;107
439;146
439;272
439;50
439;189
440;17
440;26
440;22
440;326
440;54
441;504
441;661
442;96
442;193
442;43
442;5
442;8
442;11
442;12
442;14
442;17
442;1131
442;22
442;503
442;248
442;28
443;129
443;237
443;318
444;296
444;145
444;279
445;169
445;92
445;190
446;0
446;1
446;2
446;3
446;24
446;313
446;62
447;923
449;33
449;35
449;5
449;38
449;72
449;109
449;8
449;52
449;149
449;57
449;281
449;28
449;126
450;0
450;1
450;2
450;3
450;363
450;374
450;24
450;313
450;62
451;0
451;1
451;2
451;291
451;1249
451;171
451;34
451;239
451;17
451;3
451;24
451;79
452;17
452;34
454;0
454;1
454;2
454;3
454;24
454;313
454;62
455;41
456;0
456;5
456;294
456;71
456;51
456;220
457;448
458;0
458;1
458;2
458;3
458;4
458;6
458;212
458;151
459;208
459;204
459;302
460;33
460;35
460;5
460;97
460;8
460;106
460;108
460;83
460;57
460;28
460;253
461;0
461;1
461;2
461;3
461;5
461;71
461;9
461;332
461;386
461;17
461;51
461;118
461;120
462;29
462;6
463;169
463;92
463;190
464;131
464;191
464;207
465;464
465;131
465;207
465;191
466;766
467;248
467;841
467;418
468;126
468;35
468;38
468;204
468;109
468;147
468;52
468;213
468;286
469;399
470;1181
472;0
472;1
472;37
472;39
472;8
472;10
472;11
472;12
472;14
472;16
472;89
472;5
473;262
473;317
473;78
474;466
476;0
476;1
476;13
476;7
477;0
477;1
477;2
477;3
477;165
477;49
477;24
477;31
477;133
478;129
478;412
478;389
480;129
480;443
480;237
480;318
481;146
481;107
481;50
481;6
482;33
482;35
482;5
482;97
482;8
482;106
482;108
482;83
482;566
482;57
482;28
482;253
483;0
483;161
483;2
483;3
483;4
483;6
483;1
483;168
483;141
483;30
484;35
484;52
484;38
485;420
485;261
485;8
485;11
485;12
485;142
485;144
485;124
485;5
486;129
486;258
486;163
486;319
487;8
487;76
487;5
488;0
488;1
488;2
488;164
488;398
489;0
489;5
489;294
489;71
489;456
489;51
489;220
490;40
490;169
490;91
490;92
490;445
490;190
491;40
491;166
492;5
492;8
492;202
492;171
492;396
492;28
492;63
493;0
493;256
493;5
493;8
493;28
493;42
493;43
493;45
493;17
493;434
493;448
493;22
493;280
493;216
493;618
495;145
495;279
496;17
496;34
496;79
496;239
496;327
497;6
497;107
497;146
497;272
497;466
497;50
497;189
498;90
498;211
498;5
498;54
498;685
499;0
499;1
499;132
499;13
499;7
500;50
500;6
500;843
500;107
500;466
500;272
500;497
500;146
500;189
501;296
501;145
501;444
501;279
502;481
502;146
502;107
502;50
502;6
503;1152
503;1503
504;1345
505;38
505;35
505;52
505;109
505;126
506;401
506;339
506;140
507;129
507;939
507;323
507;237
508;449
508;35
508;5
508;38
508;33
508;72
508;109
508;8
508;52
508;149
508;281
508;57
508;28
508;126
509;176
509;0
509;7
509;13
509;1
511;573
512;1382
513;288
514;0
514;1
514;2
514;3
514;4
514;6
514;30
515;262
515;317
515;78
516;0
516;1
516;2
516;3
516;197
516;24
516;218
516;31
516;479
517;399
518;114
519;0
519;1
519;2
519;291
519;171
519;3
519;24
520;50
520;107
520;6
521;35
521;38
521;109
521;52
521;149
521;126
523;52
523;35
523;484
523;1182
523;38
524;22
524;326
524;17
524;54
524;440
524;26
525;17
525;34
525;79
525;239
525;327
526;593
526;346
527;0
527;64
527;2
527;3
527;1
527;5
527;294
527;71
527;456
527;489
527;43
527;28
527;48
527;49
527;51
527;17
527;8
527;24
527;22
527;220
527;31
528;8
528;172
528;307
528;76
528;5
529;0
529;1
529;2
529;3
529;5
529;6
529;8
529;43
529;45
529;17
529;35
529;22
529;55
529;25
529;28
532;0
532;1
532;66
532;3
532;98
532;41
532;2
532;175
532;27
533;129
533;1053
534;449
534;35
534;5
534;38
534;33
534;72
534;28
534;109
534;8
534;52
534;149
534;57
534;281
534;508
534;126
534;453
535;825
535;702
535;1009
536;158
537;297
538;176
538;0
538;7
538;13
538;1
539;0
539;1
539;311
539;343
540;0
540;1
540;2
540;3
540;197
540;24
540;218
540;31
540;479
541;464
541;131
541;207
541;191
543;555
544;32
544;0
544;2
544;3
544;1
544;9
544;46
544;17
544;187
545;166
545;17
545;40
545;41
545;44
545;241
545;282
546;278
547;0
547;1
547;2
547;3
547;197
547;24
547;218
547;479
547;540
547;31
548;0
548;1
548;66
548;3
548;2
548;1044
549;32
549;0
549;2
549;3
549;1
549;9
549;46
549;17
549;270
549;59
549;186
549;315
551;131
551;1189
551;246
552;127
553;0
553;1
553;2
553;3
553;36
553;5
553;8
553;81
553;28
554;0
554;1
554;2
554;3
554;516
554;197
554;24
554;218
554;479
554;31
556;216
556;716
557;5
557;8
557;11
557;12
557;14
557;143
557;80
559;530
559;1122
560;0
560;1
560;201
560;10
560;203
560;305
560;82
560;127
561;69
561;8
561;11
561;12
561;14
561;16
561;145
561;5
562;535
563;1186
563;329
563;244
563;169
563;92
563;190
564;8
564;11
564;12
564;85
564;5
565;232
565;162
565;196
566;1330
567;58
567;123
567;53
567;6
568;595
569;5
569;8
569;11
569;12
569;14
569;80
569;511
571;5
571;8
571;74
571;11
571;12
571;14
571;16
572;216
572;1031
572;781
572;349
572;511
574;5
574;8
574;76
574;172
574;528
574;307
575;227
575;54
576;0
576;1
576;2
576;3
576;5
576;8
576;527
576;17
576;22
576;24
576;28
576;31
576;294
576;43
576;48
576;49
576;51
576;64
576;71
576;456
576;220
576;489
578;6
578;29
578;462
579;8
579;11
579;5
580;0
580;1
580;6
580;462
580;371
580;311
580;29
581;33
581;35
581;5
581;97
581;8
581;1292
581;106
581;108
581;83
581;663
581;57
581;28
581;253
582;133
582;399
583;0
583;1
583;2
583;3
583;4
583;37
583;6
583;39
583;10
583;1007
583;125
583;30
584;481
584;6
584;107
584;50
584;146
584;883
586;169
586;92
586;244
586;190
586;367
587;558
588;447
590;232
590;162
590;196
590;565
591;0
591;1
591;2
591;451
591;3
591;171
591;34
591;239
591;17
591;291
591;24
591;79
592;145
594;0
594;1
594;370
594;343
594;311
596;0
596;1
596;2
596;3
596;1226
596;530
596;99
596;86
596;27
598;33
598;5
598;104
598;8
598;57
598;28
599;381
599;278
600;550
601;121
601;426
601;223
603;92
604;209
604;210
604;196
604;162
604;383
605;40
605;17
605;1489
605;41
607;5
607;8
607;74
607;11
607;12
607;14
607;16
608;40
608;491
608;166
609;40
609;241
609;282
609;166
610;0
610;129
610;2
610;3
610;1
610;9
610;15
610;380
611;0
611;1
611;2
611;3
611;36
611;5
611;8
611;553
611;81
611;28
612;0
612;129
612;2
612;3
612;1
612;9
612;298
612;205
612;15
613;129
613;258
613;163
613;486
613;319
615;0
615;1
615;66
615;3
615;548
615;2
616;162
616;196
616;209
616;210
616;604
616;383
617;211
619;90
619;211
619;5
619;54
619;597
620;0
620;1
620;2
620;3
620;9
620;303
620;17
620;120
621;0
621;1
621;2
621;3
621;110
621;49
621;131
621;24
621;542
621;31
622;129
622;179
622;300
623;0
623;1
623;2
623;3
623;99
623;86
623;27
624;0
624;1
624;2
624;3
624;4
624;6
624;18
625;479
626;5
626;6
626;8
626;43
626;29
626;17
626;22
626;56
626;28
626;93
628;0
628;1
628;2
628;291
628;171
628;3
628;24
629;464
629;465
629;131
629;191
629;207
630;545
630;166
630;241
630;40
630;41
630;44
630;17
630;282
631;0
631;129
631;2
631;3
631;612
631;1
631;9
631;298
631;205
631;15
632;722
632;331
632;301
632;63
633;397
633;158
634;0
634;1
634;2
634;3
634;4
634;6
634;9
634;47
634;17
634;18
635;40
635;169
635;490
635;91
635;92
635;445
635;190
636;0
636;1
636;2
636;3
636;4
636;6
636;7
636;13
636;176
636;115
636;122
636;538
636;30
637;1476
637;197
638;129
638;179
638;300
638;622
639;504
640;35
640;373
642;0
642;1
642;5
642;8
642;10
642;43
642;77
642;17
642;22
642;28
642;94
642;37
643;356
644;0
644;1
644;2
644;3
644;388
644;37
644;6
644;39
644;10
644;35
644;4
644;378
644;38
644;125
644;30
645;1270
646;0
646;1
646;371
646;311
647;35
647;38
647;521
647;109
647;52
647;149
647;126
648;357
649;35
649;38
649;267
649;173
649;52
649;377
650;0
650;1
650;2
650;3
650;197
650;24
650;218
650;31
650;479
651;5
651;1126
651;8
651;11
651;12
651;14
651;696
651;254
652;64
652;0
652;2
652;3
652;17
652;5
652;1
652;8
652;43
652;48
652;49
652;22
652;24
652;28
652;31
653;299
653;166
653;295
654;592
654;145
656;5
656;8
656;11
656;12
656;878
656;124
657;131
657;372
657;191
658;5
658;8
658;969
658;11
658;12
658;564
658;85
659;0
659;1
659;645
659;201
659;10
659;82
659;127
660;145
660;351
662;840
662;133
662;399
665;5
665;8
665;11
665;12
665;14
665;254
666;0
666;1
666;37
666;10
666;1100
666;77
666;433
666;87
666;312
668;0
668;1
668;7
668;13
668;176
668;538
669;131
669;191
670;0
670;1
670;37
670;39
670;8
670;10
670;11
670;12
670;14
670;16
670;472
670;89
670;5
671;69
671;8
671;11
671;12
671;14
671;16
671;145
671;5
672;0
672;1
672;37
672;39
672;8
672;10
672;11
672;12
672;14
672;16
672;104
672;598
672;57
672;472
672;89
672;33
672;28
672;5
673;131
673;669
673;191
674;90
674;188
674;5
674;54
674;597
675;432
675;410
676;0
676;1
676;37
676;39
676;8
676;10
676;11
676;12
676;14
676;16
676;472
676;89
676;794
676;688
676;670
676;5
677;97
677;5
677;33
677;8
677;106
677;57
677;28
678;0
678;1
678;2
678;3
678;36
678;5
678;8
678;245
678;28
679;216
679;349
682;17
682;34
682;452
683;278
684;58
684;123
684;53
684;6
686;261
686;8
686;11
686;12
686;142
686;144
686;124
686;5
687;105
687;99
687;431
689;512
689;249
689;437
689;494
689;357
691;5
691;8
691;11
691;12
691;124
691;414
693;0
693;5
693;71
693;51
693;314
693;220
695;40
695;169
695;490
695;445
695;92
695;216
695;91
695;572
695;349
695;190
695;511
697;0
697;1
697;2
697;3
697;70
697;7
697;9
697;15
699;0
699;257
699;2
699;3
699;230
699;1
699;7
699;13
699;23
699;316
700;0
700;1
700;2
700;3
700;197
700;24
700;218
700;31
700;479
701;216
701;556
703;0
703;51
703;5
703;118
703;71
704;0
704;1
704;2
704;3
704;9
704;17
704;120
705;40
705;241
705;166
706;555
706;543
708;0
708;1
708;37
708;10
708;114
708;252
709;123
709;6
709;178
709;243
709;53
709;58
709;155
711;0
711;129
711;610
711;3
711;1
711;9
711;2
711;15
711;410
711;380
713;1085
715;169
715;250
715;92
715;244
715;190
717;216
717;716
717;556
719;0
719;1
719;2
719;3
719;4
719;6
719;115
719;30
721;131
721;246
722;910
723;17
723;34
724;0
724;1
724;66
724;3
724;41
724;2
724;98
724;175
724;532
724;27
725;449
725;35
725;5
725;6
725;33
725;72
725;28
725;57
725;109
725;304
725;8
725;116
725;53
725;281
725;52
725;58
725;38
725;508
725;126
725;149
726;494
727;384
727;0
727;42
727;5
728;326
728;358
728;17
728;22
728;26
728;406
729;0
729;5
729;42
729;434
729;573
729;511
731;385
732;544
732;32
732;2
732;3
732;0
732;1
732;9
732;46
732;399
732;17
732;187
733;5
733;8
733;11
733;12
733;85
733;214
734;0
734;65
734;10
734;21
734;1
735;8
735;11
735;12
735;5
735;14
736;5
736;8
736;11
736;12
736;85
736;214
736;917
737;33
737;5
737;72
737;269
737;8
737;57
737;28
738;128
738;0
738;2
738;3
738;1
738;27
739;0
739;1
739;2
739;3
739;7
739;13
739;23
740;5
740;8
740;172
740;74
740;11
740;12
740;14
740;16
740;76
740;571
741;248
742;648
742;357
743;0
743;161
743;2
743;3
743;4
743;38
743;6
743;1
743;168
743;235
743;141
743;273
743;35
743;52
743;30
744;40
744;609
744;282
744;166
744;241
746;530
746;50
746;6
746;559
747;92
747;169
747;244
747;190
748;0
748;1
748;2
748;3
748;197
748;266
748;24
748;31
750;0
750;129
750;2
750;3
750;612
750;1
750;9
750;298
750;205
750;15
750;17
750;22
750;631
751;696
753;357
754;0
754;1
754;2
754;3
754;388
754;37
754;6
754;39
754;10
754;35
754;4
754;378
754;38
754;125
754;30
755;1510
755;262
755;317
755;78
756;155
756;709
756;6
756;178
756;243
756;53
756;58
756;123
757;0
757;1
757;2
757;3
757;73
757;113
757;99
757;86
757;27
757;413
758;248
758;418
758;467
758;447
759;314
759;325
760;22
760;326
760;17
760;54
760;440
760;26
761;0
761;1
761;2
761;3
761;388
761;37
761;6
761;39
761;10
761;35
761;4
761;378
761;38
761;125
761;30
762;380
763;256
763;5
763;8
763;28
763;394
763;43
763;45
763;17
763;22
763;216
763;156
767;40
767;169
767;490
767;792
767;91
767;92
767;445
767;190
768;32
768;0
768;2
768;3
768;1
768;9
768;46
768;17
768;187
769;216
769;572
769;349
769;511
770;131
770;191
770;255
771;617
771;211
773;1076
773;127
774;43
774;5
774;8
774;137
774;11
774;12
774;14
774;17
774;180
774;150
774;56
774;22
774;28
774;765
775;672
775;0
775;1
775;37
775;39
775;8
775;10
775;11
775;12
775;14
775;16
775;104
775;598
775;89
775;472
775;57
775;33
775;28
775;5
776;129
776;412
776;389
776;830
777;329
777;563
777;244
777;169
777;92
777;190
778;32
778;0
778;2
778;3
778;1
778;9
778;17
779;0
779;5
779;263
780;8
780;68
780;5
782;35
782;38
782;649
782;267
782;173
782;52
782;377
784;32
784;0
784;2
784;3
784;1
784;9
784;46
784;17
784;187
785;0
785;161
785;2
785;3
785;4
785;6
785;1
785;141
785;30
787;155
787;6
787;178
787;53
787;58
787;123
788;219
788;171
789;34
789;327
789;239
789;496
789;17
789;79
790;0
790;1
790;201
790;10
790;203
790;305
790;82
790;127
791;129
791;179
791;300
791;622
792;856
793;530
796;0
796;1
796;2
796;3
796;4
796;6
796;719
796;115
796;30
797;512
797;357
797;494
797;689
797;437
797;249
798;129
799;121
799;426
799;223
801;58
801;123
801;684
801;53
801;6
802;0
802;1
802;2
802;3
802;4
802;6
802;424
802;328
802;115
802;30
804;908
806;544
806;32
806;2
806;3
806;0
806;1
806;9
806;46
806;17
806;187
807;40
807;169
807;490
807;792
807;1145
807;91
807;92
807;445
807;190
807;767
808;637
808;197
809;5
809;8
809;11
809;12
809;14
809;16
809;19
810;651
810;5
810;8
810;11
810;12
810;14
810;696
810;254
811;5
811;8
811;43
811;17
811;22
811;56
811;28
812;248
812;741
813;5
813;8
813;11
813;12
813;564
813;85
814;131
814;191
814;207
815;299
815;166
815;295
816;481
816;6
816;584
816;107
816;50
816;146
817;231
817;164
817;391
818;35
818;38
818;649
818;267
818;173
818;782
818;52
818;377
819;97
819;5
819;33
819;8
819;106
819;108
819;57
819;28
820;453
821;570
822;718
823;0
823;1
823;2
823;3
823;5
823;8
823;11
823;12
823;14
823;275
823;249
823;730
823;61
823;803
824;32
824;0
824;2
824;3
824;1
824;9
824;778
824;17
825;1242
826;0
826;1
826;2
826;3
826;4
826;37
826;6
826;39
826;10
826;503
826;125
826;30
827;78
827;262
828;0
828;1
828;2
828;35
828;197
828;38
828;521
828;109
828;3
828;52
828;149
828;24
828;126
828;31
829;0
829;176
829;1
829;7
829;13
829;752
829;538
830;993
831;376
831;360
831;568
832;0
832;1
832;2
832;3
832;24
832;313
832;62
833;43
833;5
833;8
833;137
833;11
833;12
833;14
833;17
833;180
833;150
833;56
833;22
833;28
833;765
834;35
834;6
834;116
834;373
834;58
834;53
835;121
835;347
835;276
835;223
836;0
836;1
836;2
836;291
836;519
836;171
836;3
836;24
837;52
837;35
837;484
837;38
838;430
839;219
839;788
839;171
842;63
845;129
845;533
846;97
846;5
846;33
846;8
846;106
846;57
846;28
846;522
846;159
847;0
847;1
847;2
847;752
847;152
847;927
848;131
848;6
848;107
848;50
848;146
848;191
849;577
850;216
851;0
851;161
851;2
851;3
851;4
851;6
851;1
851;141
851;30
852;149
852;449
852;52
852;35
852;5
852;6
852;33
852;72
852;508
852;109
852;304
852;8
852;116
852;725
852;281
852;57
852;58
852;38
852;28
852;126
852;53
853;6
853;375
855;256
855;355
855;324
855;5
855;8
855;43
855;45
855;17
855;22
855;216
855;28
857;262
857;78
857;366
858;0
858;1
858;2
858;847
858;752
858;152
859;680
860;33
860;5
860;72
860;8
860;57
860;28
861;0
861;1
861;2
861;164
861;398
862;0
862;1
862;2
862;3
862;4
862;6
862;387
862;151
862;157
863;96
863;193
863;43
863;5
863;8
863;11
863;12
863;14
863;17
863;786
863;22
863;248
863;28
864;131
864;246
865;5
865;1478
865;8
865;11
865;12
865;14
865;80
865;511
866;5
866;6
866;8
866;43
866;29
866;17
866;22
866;56
866;28
866;93
867;301
867;63
869;362
869;134
870;249
870;357
871;433
872;0
872;1
872;2
872;3
872;5
872;8
872;527
872;17
872;22
872;576
872;28
872;31
872;294
872;43
872;48
872;49
872;51
872;313
872;62
872;64
872;454
872;71
872;456
872;24
872;220
872;489
873;680
874;0
874;1
874;311
874;641
874;343
875;216
875;349
876;504
876;1252
876;639
877;17
877;22
880;376
880;425
880;360
881;481
881;6
881;107
881;50
881;146
881;502
882;216
882;875
882;349
884;0
884;1
884;132
884;13
884;7
885;544
885;32
885;2
885;3
885;806
885;1
885;9
885;46
885;17
885;187
885;0
886;792
886;856
887;290
887;35
888;484
888;35
888;52
888;837
888;38
889;221
890;804
891;800
891;1101
892;0
892;257
892;2
892;3
892;230
892;1
892;201
892;10
892;7
892;13
892;334
892;905
892;305
892;82
892;203
892;23
892;127
892;415
893;0
893;1
893;2
893;3
893;36
893;5
893;678
893;8
893;245
893;28
894;736
894;5
894;8
894;11
894;12
894;85
894;214
895;290
895;35
896;339
896;140
897;177
897;1015
897;377
899;248
899;841
899;418
899;467
900;0
900;1
900;2
900;3
900;199
900;61
901;712
903;696
904;0
904;1
904;2
904;3
904;197
904;24
904;218
904;31
904;479
905;1442
906;0
906;386
906;5
906;71
906;1063
906;332
906;51
906;118
907;0
907;1
907;680
907;284
907;1024
909;127
910;929
911;0
911;51
911;220
911;5
911;71
912;544
912;32
912;2
912;3
912;806
912;1
912;9
912;46
912;17
912;187
912;0
913;0
913;1
913;66
913;3
913;5
913;8
913;11
913;12
913;2
913;14
913;16
913;19
913;117
913;88
914;896
914;339
914;140
915;0
915;1
915;2
915;611
915;36
915;5
915;8
915;553
915;81
915;3
915;28
916;880
916;376
916;360
916;425
918;8
918;33
918;28
918;5
918;57
919;0
919;1
919;2
919;547
919;197
919;3
919;24
919;218
919;31
919;540
919;479
920;0
920;1
920;7
920;13
920;176
920;509
921;8
921;1052
921;76
921;5
922;515
922;262
922;814
922;207
922;131
922;78
922;317
922;191
924;0
924;1
924;2
924;3
924;4
924;6
924;9
924;47
924;17
924;18
924;1251
924;634
925;696
925;903
926;5
926;8
926;12
926;11
926;844
926;109
926;14
926;16
927;1450
928;1185
928;278
930;0
930;1
930;2
930;3
930;9
930;47
930;17
930;182
931;8
931;68
931;1066
931;780
931;5
932;0
932;129
932;2
932;3
932;612
932;1
932;9
932;298
932;205
932;15
933;261
933;8
933;11
933;12
933;142
933;144
933;124
933;5
934;34
934;327
934;525
934;239
934;17
934;79
935;121
937;169
937;250
937;92
937;244
937;190
940;825
940;164
940;309
940;702
940;535
941;169
941;92
942;0
942;257
942;2
942;3
942;54
942;230
942;1
942;201
942;10
942;7
942;428
942;13
942;334
942;305
942;82
942;227
942;203
942;23
942;575
942;127
943;0
943;1
943;2
943;3
943;388
943;37
943;6
943;39
943;10
943;35
943;30
943;761
943;378
943;38
943;125
943;4
944;0
944;1
944;201
944;10
944;203
944;305
944;82
944;127
945;140
945;215
947;256
947;5
947;8
947;156
947;394
947;43
947;45
947;17
947;22
947;216
947;763
947;28
948;97
948;228
948;5
948;33
948;8
948;106
948;57
948;28
949;97
949;677
949;33
949;8
949;106
949;57
949;28
949;5
950;192
950;0
950;2
950;3
950;4
950;6
950;1
950;115
950;30
951;357
952;840
953;155
953;6
953;178
953;1492
953;53
953;58
953;123
954;593
954;346
954;526
955;766
956;811
956;5
956;8
956;43
956;17
956;22
956;56
956;28
957;40
957;491
957;1404
957;166
959;1248
959;357
959;951
960;41
960;986
960;967
960;455
961;0
961;1
961;370
961;343
961;311
963;231
963;164
963;391
964;33
964;5
964;104
964;716
964;556
964;8
964;216
964;57
964;28
965;129
965;258
965;163
965;365
966;688
968;401
968;339
968;140
969;1188
970;0
970;1
970;2
970;3
970;36
970;5
970;678
970;8
970;245
970;28
971;121
971;276
971;223
972;97
972;5
972;33
972;8
972;106
972;108
972;57
972;28
973;0
973;1
973;2
973;3
973;199
973;61
973;1407
974;0
974;1
974;98
974;3
974;41
974;2
974;175
974;27
975;769
975;35
975;38
975;173
975;402
975;52
975;216
975;572
975;349
975;511
977;192
977;0
977;2
977;3
977;4
977;6
977;1
977;418
977;115
977;248
977;30
978;131
978;207
978;464
978;465
978;629
978;191
979;1313
979;40
979;169
979;490
979;91
979;92
979;445
979;190
980;164
980;309
981;35
981;38
981;844
981;109
981;52
981;126
982;645
983;97
983;5
983;33
983;8
983;106
983;57
983;28
984;40
984;17
984;605
984;41
985;713
987;0
987;1
987;2
987;3
987;36
987;5
987;678
987;8
987;1282
987;245
987;28
987;893
988;745
988;134
989;0
989;1
989;2
989;3
989;36
989;5
989;678
989;8
989;245
989;987
989;28
989;893
990;449
990;35
990;5
990;38
990;33
990;72
990;28
990;109
990;8
990;52
990;149
990;57
990;281
990;508
990;126
991;0
991;1
991;2
991;3
991;36
991;5
991;8
991;245
991;28
992;0
992;65
992;10
992;21
992;1
994;129
994;69
994;145
994;8
994;11
994;12
994;5
994;14
994;16
994;561
994;412
994;478
994;389
995;8
995;76
995;5
995;487
996;69
996;145
996;8
996;11
996;12
996;14
996;16
996;561
996;5
997;5
997;8
997;298
997;11
997;12
997;14
997;143
997;80
998;1417
999;386
1000;11
1000;261
1000;5
1000;6
1000;8
1000;124
1000;43
1000;12
1000;142
1000;29
1000;144
1000;17
1000;22
1000;56
1000;28
1000;93
1000;933
1001;8
1001;11
1001;579
1001;5
1002;1225
1002;133
1002;399
1003;0
1003;1
1003;2
1003;3
1003;4
1003;6
1003;18
1004;0
1004;1
1004;66
1004;3
1004;714
1004;2
1004;88
1004;510
1005;481
1005;6
1005;107
1005;50
1005;146
1005;502
1006;473
1006;78
1006;317
1006;262
1008;386
1010;0
1010;1
1010;1129
1010;7
1011;169
1011;92
1011;190
1011;463
1012;0
1012;1
1012;2
1012;3
1012;454
1012;24
1012;313
1012;62
1013;640
1013;35
1013;373
1014;5
1014;8
1014;844
1014;172
1014;76
1014;307
1014;344
1015;1236
1016;0
1016;51
1016;5
1016;71
1017;33
1017;5
1017;8
1017;918
1017;57
1017;28
1018;544
1018;32
1018;2
1018;3
1018;0
1018;1
1018;9
1018;46
1018;399
1018;17
1018;187
1018;732
1019;0
1019;1
1019;66
1019;3
1019;548
1019;2
1019;1117
1020;795
1021;0
1021;1
1021;2
1021;291
1021;519
1021;171
1021;3
1021;24
1022;0
1022;1
1022;645
1022;201
1022;10
1022;781
1022;82
1022;659
1022;216
1022;127
1022;572
1022;349
1022;511
1023;360
1025;805
1026;145
1026;279
1026;495
1027;5
1027;8
1027;11
1027;12
1027;124
1027;414
1028;362
1028;869
1028;134
1029;402
1029;35
1029;52
1029;173
1029;38
1030;0
1030;1
1030;2
1030;3
1030;40
1030;136
1030;84
1030;181
1030;24
1030;92
1032;33
1032;5
1032;104
1032;8
1032;598
1032;57
1032;28
1033;0
1033;1
1033;2
1033;3
1033;133
1033;49
1033;24
1033;31
1034;288
1034;5
1034;8
1034;11
1034;12
1034;142
1034;124
1035;1136
1035;380
1036;976
1036;587
1036;558
1037;5
1037;8
1037;28
1037;43
1037;45
1037;17
1037;22
1037;951
1037;959
1037;156
1037;357
1038;937
1038;244
1038;169
1038;250
1038;92
1038;190
1039;171
1040;121
1040;223
1041;29
1041;6
1042;52
1042;35
1042;484
1042;38
1046;0
1046;224
1046;2
1046;3
1046;868
1046;5
1046;1
1046;31
1046;42
1046;49
1046;341
1046;24
1046;475
1046;133
1047;314
1047;325
1047;759
1048;97
1048;677
1048;33
1048;8
1048;106
1048;949
1048;57
1048;28
1048;5
1049;1340
1049;694
1050;17
1050;34
1051;8
1051;11
1051;12
1051;5
1051;14
1054;853
1054;6
1054;375
1055;216
1055;349
1055;679
1056;5
1056;8
1056;11
1056;12
1056;142
1056;144
1056;470
1056;124
1057;0
1057;1
1057;2
1057;3
1057;621
1057;110
1057;49
1057;131
1057;24
1057;542
1057;31
1058;1035
1058;380
1060;772
1061;329
1062;0
1062;1
1062;2
1062;3
1062;6
1062;35
1062;25
1064;385
1064;1091
1064;1259
1065;90
1067;0
1067;257
1067;2
1067;3
1067;1
1067;905
1067;10
1067;139
1067;13
1067;1296
1067;23
1067;415
1067;37
1067;39
1067;7
1067;305
1067;201
1067;203
1067;334
1067;82
1067;230
1067;892
1067;127
1068;0
1068;1
1068;645
1068;201
1068;10
1068;1163
1068;82
1068;681
1068;127
1070;131
1070;692
1070;191
1070;207
1071;755
1071;78
1071;317
1071;262
1072;0
1072;1
1072;2
1072;27
1072;3
1073;545
1073;166
1073;17
1073;40
1073;41
1073;44
1073;241
1073;630
1073;282
1074;34
1074;452
1074;5
1074;8
1074;682
1074;11
1074;12
1074;813
1074;17
1074;564
1074;85
1075;416
1075;249
1075;357
1077;41
1077;379
1077;357
1077;249
1078;216
1078;556
1078;701
1079;1026
1079;1384
1079;495
1079;145
1079;114
1079;279
1080;1007
1081;985
1081;713
1082;40
1082;17
1082;605
1082;41
1083;807
1083;40
1083;169
1083;490
1083;792
1083;91
1083;92
1083;445
1083;190
1083;767
1084;33
1084;964
1084;5
1084;104
1084;556
1084;716
1084;8
1084;216
1084;57
1084;28
1086;0
1086;448
1086;2
1086;1
1086;752
1086;152
1087;262
1087;755
1087;317
1087;78
1087;1071
1088;136
1089;17
1089;877
1089;22
1090;78
1092;261
1092;8
1092;11
1092;12
1092;686
1092;144
1092;142
1092;124
1092;5
1093;40
1093;17
1093;44
1093;41
1094;544
1094;32
1094;2
1094;3
1094;0
1094;1
1094;9
1094;46
1094;17
1094;187
1095;34
1095;327
1095;239
1095;496
1095;17
1095;789
1095;79
1096;33
1096;5
1096;72
1096;28
1096;171
1096;8
1096;788
1096;57
1096;219
1096;860
1097;64
1097;0
1097;2
1097;3
1097;324
1097;5
1097;1
1097;8
1097;43
1097;652
1097;45
1097;256
1097;48
1097;17
1097;355
1097;22
1097;24
1097;216
1097;49
1097;28
1097;31
1098;0
1098;129
1098;2
1098;3
1098;612
1098;1
1098;9
1098;298
1098;205
1098;15
1098;631
1099;0
1099;1
1099;66
1099;3
1099;548
1099;615
1099;2
1101;1295
1102;0
1102;1
1102;10
1102;114
1102;37
1103;504
1103;441
1103;661
1104;481
1104;6
1104;107
1104;146
1104;881
1104;50
1104;502
1105;627
1106;0
1106;1
1106;356
1106;37
1106;10
1106;77
1107;216
1107;679
1107;349
1107;1055
1108;783
1109;661
1110;133
1110;582
1110;399
1111;0
1111;1
1111;37
1111;10
1111;77
1111;174
1112;5
1112;8
1112;11
1112;12
1112;813
1112;564
1112;85
1114;601
1114;426
1114;223
1114;121
1115;35
1115;484
1115;38
1115;1449
1115;1042
1115;883
1115;52
1116;145
1116;718
1116;351
1118;544
1118;32
1118;2
1118;3
1118;806
1118;1
1118;9
1118;46
1118;912
1118;17
1118;187
1118;0
1119;1007
1120;0
1120;1
1120;2
1120;3
1120;4
1120;6
1120;624
1120;18
1121;0
1121;1
1121;2
1121;3
1121;4
1121;6
1121;9
1121;47
1121;17
1121;18
1121;634
1123;97
1123;5
1123;33
1123;8
1123;129
1123;106
1123;300
1123;846
1123;179
1123;622
1123;791
1123;57
1123;28
1123;522
1123;159
1124;166
1124;295
1125;33
1125;5
1125;1032
1125;8
1125;104
1125;598
1125;57
1125;28
1127;0
1127;1
1127;2
1127;3
1127;36
1127;5
1127;678
1127;8
1127;245
1127;28
1128;0
1128;1
1128;2
1128;3
1128;4
1128;6
1128;458
1128;212
1128;151
1128;1209
1130;0
1130;1
1130;2
1130;3
1130;197
1130;650
1130;24
1130;218
1130;479
1130;31
1132;362
1132;869
1132;134
1133;129
1133;179
1133;300
1133;622
1133;791
1135;0
1135;1
1135;7
1135;13
1135;176
1135;538
1135;668
1137;17
1137;34
1137;79
1137;239
1137;327
1138;145
1138;660
1138;351
1139;0
1139;1
1139;37
1139;10
1139;114
1139;252
1140;0
1140;1
1140;2
1140;3
1140;4
1140;6
1140;7
1140;13
1140;176
1140;115
1140;122
1140;636
1140;538
1140;30
1141;69
1141;8
1141;11
1141;12
1141;14
1141;16
1141;145
1141;5
1141;671
1142;0
1142;417
1142;2
1142;164
1142;1
1142;627
1143;0
1143;1
1143;2
1143;3
1143;5
1143;8
1143;43
1143;45
1143;17
1143;404
1143;22
1143;24
1143;28
1144;866
1144;5
1144;6
1144;8
1144;43
1144;93
1144;17
1144;22
1144;56
1144;28
1144;29
1146;155
1146;6
1146;178
1146;53
1146;58
1146;123
1147;0
1147;1
1147;386
1147;5
1147;8
1147;10
1147;11
1147;206
1147;1008
1147;20
1147;185
1148;129
1148;179
1148;300
1148;622
1149;716
1151;811
1151;5
1151;8
1151;28
1151;43
1151;17
1151;22
1151;56
1151;956
1153;0
1153;1
1153;37
1153;10
1153;114
1153;252
1154;582
1154;133
1154;1110
1154;399
1155;0
1155;1
1155;130
1155;3
1155;5
1155;167
1155;936
1155;7
1155;2
1155;13
1155;8
1155;148
1155;119
1155;23
1155;1451
1157;52
1157;35
1157;484
1157;38
1158;177
1159;34
1159;5
1159;327
1159;8
1159;11
1159;12
1159;14
1159;79
1159;17
1159;239
1159;735
1160;481
1160;6
1160;107
1160;50
1160;1104
1160;881
1160;146
1160;502
1161;0
1161;1
1161;132
1161;7
1161;13
1161;499
1162;484
1162;35
1162;52
1162;837
1162;38
1163;1308
1164;1085
1165;680
1166;749
1167;0
1167;1
1167;37
1167;39
1167;8
1167;10
1167;11
1167;12
1167;14
1167;16
1167;89
1167;5
1168;114
1168;518
1169;843
1169;6
1169;107
1169;466
1169;272
1169;497
1169;50
1169;500
1169;189
1169;146
1170;1126
1171;0
1171;1
1171;2
1171;3
1171;4
1171;6
1171;387
1171;151
1171;157
1172;5
1172;8
1172;11
1172;12
1172;14
1172;16
1172;19
1173;401
1173;506
1173;339
1173;140
1174;17
1174;26
1174;22
1175;1027
1175;5
1175;8
1175;11
1175;12
1175;124
1175;414
1176;0
1176;1
1176;37
1176;10
1176;1100
1176;77
1176;433
1176;87
1176;312
1176;666
1177;1504
1177;5
1177;685
1177;498
1177;211
1177;54
1177;90
1178;0
1178;1
1178;2
1178;3
1178;516
1178;197
1178;24
1178;218
1178;479
1178;31
1179;35
1179;373
1180;740
1180;5
1180;8
1180;12
1180;74
1180;11
1180;172
1180;14
1180;16
1180;76
1180;571
1187;777
1187;563
1187;244
1187;190
1187;169
1187;92
1187;329
1190;0
1190;1
1190;7
1191;123
1191;6
1191;178
1191;787
1191;53
1191;58
1191;155
1192;515
1192;78
1192;317
1192;262
1193;0
1193;1
1193;2
1193;3
1193;5
1193;71
1193;9
1193;332
1193;461
1193;386
1193;17
1193;51
1193;118
1193;120
1194;0
1194;1
1194;708
1194;37
1194;10
1194;114
1194;252
1195;192
1195;0
1195;2
1195;3
1195;4
1195;6
1195;1
1195;115
1195;950
1195;30
1196;585
1198;402
1198;35
1198;52
1198;173
1198;38
1199;262
1199;426
1199;78
1199;755
1199;121
1199;601
1199;1114
1199;317
1199;223
1200;41
1201;793
1201;530
1202;40
1202;169
1202;490
1202;979
1202;91
1202;92
1202;445
1202;190
1203;166
1203;295
1204;680
1204;873
1205;865
1205;5
1205;8
1205;11
1205;12
1205;14
1205;80
1205;511
1206;515
1206;262
1206;814
1206;207
1206;131
1206;78
1206;922
1206;317
1206;191
1207;917
1208;140
1209;1230
1210;155
1210;6
1210;1191
1210;178
1210;787
1210;53
1210;58
1210;123
1212;5
1212;619
1212;211
1212;597
1212;54
1212;90
1213;1189
1214;5
1214;8
1214;43
1214;1134
1214;48
1214;17
1214;22
1214;28
1214;1342
1215;169
1215;330
1215;171
1215;244
1215;1353
1215;250
1215;92
1215;190
1216;0
1216;1
1216;356
1216;37
1216;10
1216;77
1216;436
1216;447
1217;0
1217;1
1217;98
1217;3
1217;41
1217;2
1217;175
1217;27
1218;129
1218;258
1218;163
1218;486
1218;1246
1218;319
1219;432
1219;410
1219;131
1220;764
1221;820
1221;453
1222;0
1222;33
1222;2
1222;3
1222;5
1222;1
1222;72
1222;266
1222;337
1222;277
1222;8
1222;24
1222;57
1222;31
1222;28
1222;197
1223;219
1223;788
1223;171
1223;1358
1223;839
1224;248
1224;812
1224;741
1227;0
1227;161
1227;2
1227;3
1227;4
1227;6
1227;262
1227;1
1227;168
1227;235
1227;141
1227;366
1227;273
1227;78
1227;409
1227;30
1228;0
1228;1
1228;2
1228;3
1228;5
1228;6
1228;8
1228;43
1228;45
1228;17
1228;35
1228;22
1228;55
1228;25
1228;28
1229;544
1229;32
1229;2
1229;3
1229;1094
1229;1
1229;9
1229;46
1229;17
1229;187
1229;0
1231;140
1232;262
1232;78
1232;1071
1232;755
1232;317
1232;1087
1234;40
1234;91
1234;226
1234;1043
1235;0
1235;42
1235;868
1235;341
1235;5
1237;5
1237;8
1237;11
1237;12
1237;14
1237;143
1237;80
1238;680
1238;197
1238;637
1238;357
1238;423
1240;753
1240;357
1241;0
1241;1
1241;2
1241;3
1241;4
1241;6
1241;719
1241;115
1241;30
1243;0
1243;1
1243;2
1243;3
1243;4
1243;6
1243;18
1244;0
1244;1
1244;2
1244;291
1244;519
1244;171
1244;3
1244;24
1244;1021
1245;0
1245;1
1245;2
1245;3
1245;36
1245;5
1245;8
1245;81
1245;28
1247;0
1247;257
1247;2
1247;3
1247;230
1247;1
1247;7
1247;13
1247;23
1247;350
1250;129
1250;258
1250;163
1253;177
1253;71
1253;78
1253;95
1254;0
1254;1
1254;284
1255;0
1255;1
1255;642
1255;5
1255;8
1255;10
1255;43
1255;77
1255;17
1255;22
1255;28
1255;94
1255;37
1256;0
1256;1
1256;2
1256;164
1257;288
1257;97
1257;5
1257;33
1257;8
1257;106
1257;846
1257;513
1257;57
1257;28
1257;522
1257;159
1258;227
1258;54
1258;575
1260;0
1260;1
1260;2
1260;547
1260;197
1260;3
1260;24
1260;218
1260;31
1260;540
1260;479
1261;133
1261;582
1261;399
1262;8
1262;171
1262;28
1262;5
1262;63
1263;35
1263;38
1263;647
1263;521
1263;109
1263;52
1263;149
1263;126
1264;357
1264;951
1265;5
1265;8
1265;844
1265;172
1265;76
1265;307
1265;1014
1265;344
1266;0
1266;1
1266;2
1266;3
1266;4
1266;6
1266;103
1266;121
1266;1156
1267;0
1267;1
1267;2
1267;3
1267;1072
1267;27
1268;0
1268;42
1268;5
1271;169
1271;747
1271;92
1271;244
1271;190
1272;0
1272;1
1272;37
1272;39
1272;8
1272;10
1272;11
1272;12
1272;14
1272;16
1272;340
1272;89
1272;5
1273;1216
1273;0
1273;356
1273;37
1273;1
1273;10
1273;77
1273;436
1273;447
1274;453
1275;162
1275;196
1275;209
1275;210
1275;604
1275;383
1276;5
1276;8
1276;11
1276;12
1276;14
1276;80
1276;569
1276;511
1277;0
1277;1
1277;1190
1277;7
1278;1080
1278;1007
1279;216
1279;716
1279;556
1280;256
1280;5
1280;8
1280;43
1280;45
1280;17
1280;22
1280;216
1280;28
1281;121
1284;0
1284;1
1284;2
1284;3
1284;516
1284;197
1284;24
1284;218
1284;479
1284;31
1285;0
1285;1
1285;2
1285;3
1285;36
1285;5
1285;678
1285;1127
1285;8
1285;245
1285;28
1286;376
1286;360
1286;568
1286;831
1287;385
1287;5
1287;8
1287;11
1287;12
1287;184
1287;124
1288;121
1288;935
1289;0
1289;1
1289;2
1289;3
1289;5
1289;8
1289;527
1289;17
1289;22
1289;24
1289;28
1289;31
1289;294
1289;43
1289;48
1289;49
1289;51
1289;64
1289;71
1289;456
1289;220
1289;489
1290;216
1290;349
1290;679
1291;152
1291;0
1291;2
1291;752
1291;1
1293;1233
1294;0
1294;257
1294;2
1294;3
1294;230
1294;1
1294;7
1294;13
1294;1421
1294;23
1294;350
1297;746
1297;50
1297;530
1297;6
1297;559
1298;1182
1300;1168
1300;114
1300;518
1301;0
1301;1
1301;37
1301;10
1301;77
1301;174
1303;58
1303;53
1303;6
1305;0
1305;1
1305;2
1305;3
1305;5
1305;8
1305;11
1305;12
1305;14
1305;275
1305;823
1305;249
1305;730
1305;61
1305;803
1306;129
1306;179
1306;300
1306;622
1307;387
1309;129
1309;179
1309;1148
1309;622
1309;300
1310;776
1310;129
1310;412
1310;389
1310;830
1311;362
1311;134
1312;0
1312;257
1312;2
1312;3
1312;230
1312;1
1312;7
1312;13
1312;23
1312;1184
1312;316
1314;0
1314;1
1314;5
1314;8
1314;10
1314;11
1314;20
1314;185
1315;216
1315;769
1315;572
1315;349
1315;511
1316;5
1316;8
1316;76
1316;172
1316;307
1316;344
1317;896
1317;914
1317;339
1317;140
1318;301
1318;310
1318;63
1319;0
1319;1
1319;2
1319;547
1319;197
1319;1260
1319;3
1319;24
1319;218
1319;479
1319;540
1319;31
1320;401
1320;506
1320;339
1320;140
1320;1173
1321;0
1321;1
1321;2
1321;3
1321;4
1321;6
1321;103
1321;1156
1321;1266
1321;121
1322;0
1322;1
1322;642
1322;5
1322;8
1322;10
1322;43
1322;77
1322;17
1322;22
1322;28
1322;94
1322;37
1323;35
1323;38
1323;844
1323;109
1323;52
1323;981
1323;126
1324;5
1324;8
1324;275
1324;11
1324;12
1324;14
1324;435
1325;0
1325;161
1325;2
1325;483
1325;4
1325;6
1325;1
1325;168
1325;141
1325;3
1325;30
1326;129
1326;533
1326;1053
1327;35
1327;38
1327;649
1327;267
1327;173
1327;782
1327;52
1327;377
1328;745
1329;0
1329;1
1329;642
1329;5
1329;8
1329;1322
1329;43
1329;77
1329;17
1329;22
1329;28
1329;10
1329;94
1329;37
1331;0
1331;1
1331;66
1331;3
1331;5
1331;8
1331;11
1331;12
1331;2
1331;14
1331;16
1331;19
1331;117
1331;88
1332;33
1332;5
1332;232
1332;28
1332;72
1332;8
1332;57
1332;860
1333;0
1333;1
1333;66
1333;3
1333;5
1333;264
1333;42
1333;2
1333;242
1334;34
1334;452
1334;5
1334;8
1334;682
1334;11
1334;12
1334;813
1334;17
1334;1074
1334;564
1334;85
1335;1009
1335;1362
1335;221
1336;474
1336;466
1337;128
1337;0
1337;738
1337;3
1337;1
1337;2
1337;211
1337;27
1338;34
1338;327
1338;239
1338;496
1338;17
1338;789
1338;79
1339;6
1339;107
1339;50
1339;272
1339;146
1339;407
1339;189
1341;0
1341;1
1341;2
1341;291
1341;519
1341;171
1341;3
1341;24
1341;1244
1341;1021
1343;249
1343;357
1343;870
1344;710
1346;162
1346;196
1346;209
1346;210
1346;1275
1346;604
1346;383
1347;968
1347;401
1347;339
1347;140
1348;552
1348;127
1349;0
1349;1
1349;2
1349;3
1349;73
1349;113
1349;99
1349;86
1349;27
1349;413
1350;1304
1352;592
1352;145
1352;654
1354;0
1354;1
1354;2
1354;847
1354;752
1354;152
1354;927
1355;927
1356;249
1356;41
1356;379
1356;1077
1356;357
1357;32
1357;0
1357;2
1357;3
1357;1
1357;9
1357;46
1357;17
1357;270
1357;352
1357;186
1357;59
1359;17
1359;26
1359;22
1359;1174
1360;40
1360;166
1361;0
1361;129
1361;2
1361;3
1361;932
1361;1
1361;9
1361;298
1361;205
1361;15
1361;612
1363;1031
1363;781
1363;216
1363;572
1363;349
1363;511
1364;0
1364;1
1364;2
1364;3
1364;4
1364;37
1364;6
1364;39
1364;10
1364;378
1364;125
1364;30
1365;844
1366;129
1366;237
1367;0
1367;1
1367;37
1367;10
1367;77
1367;174
1367;1301
1368;58
1368;116
1368;53
1368;6
1369;374
1371;0
1371;1
1371;2
1371;291
1371;519
1371;171
1371;3
1371;24
1371;1021
1372;0
1372;1
1372;2
1372;3
1372;9
1372;303
1372;17
1372;212
1372;120
1372;217
1372;27
1373;0
1373;161
1373;2
1373;3
1373;4
1373;6
1373;262
1373;1
1373;168
1373;235
1373;141
1373;366
1373;273
1373;78
1373;409
1373;30
1374;811
1374;5
1374;8
1374;43
1374;17
1374;22
1374;56
1374;28
1375;544
1375;32
1375;2
1375;3
1375;326
1375;806
1375;1
1375;9
1375;46
1375;358
1375;22
1375;17
1375;406
1375;26
1375;187
1375;0
1376;97
1376;5
1376;33
1376;8
1376;108
1376;106
1376;364
1376;57
1376;28
1377;1209
1377;1230
1378;90
1378;211
1378;5
1378;54
1380;481
1380;11
1380;5
1380;6
1380;8
1380;107
1380;12
1380;146
1380;813
1380;881
1380;50
1380;564
1380;85
1380;502
1380;1112
1381;937
1381;1038
1381;244
1381;169
1381;250
1381;92
1381;190
1383;0
1383;1
1383;98
1383;3
1383;41
1383;2
1383;974
1383;175
1383;27
1385;40
1385;491
1385;166
1386;97
1386;5
1386;33
1386;8
1386;106
1386;108
1386;338
1386;57
1386;28
1387;544
1387;32
1387;2
1387;3
1387;0
1387;1
1387;9
1387;46
1387;399
1387;17
1387;1018
1387;187
1387;732
1388;1434
1388;765
1390;1182
1391;1360
1391;40
1391;166
1392;5
1392;8
1392;11
1392;12
1392;14
1392;254
1393;1027
1393;5
1393;8
1393;11
1393;12
1393;124
1393;414
1394;0
1394;1
1394;2
1394;291
1394;519
1394;171
1394;3
1394;24
1394;1244
1394;1021
1395;0
1395;1
1395;284
1395;1254
1396;216
1396;556
1396;701
1397;0
1397;71
1397;51
1397;5
1397;111
1399;249
1399;41
1399;379
1399;1077
1399;357
1400;169
1400;92
1400;190
1400;463
1401;416
1401;249
1401;357
1402;637
1402;197
1403;0
1403;1
1403;2
1403;3
1403;4
1403;6
1403;18
1405;129
1405;323
1405;237
1406;1280
1406;256
1406;5
1406;8
1406;43
1406;45
1406;17
1406;22
1406;216
1406;28
1408;162
1408;196
1408;209
1408;210
1408;1275
1408;604
1408;383
1409;1384
1410;0
1410;1
1410;2
1410;3
1410;4
1410;37
1410;6
1410;39
1410;10
1410;503
1410;826
1410;125
1410;30
1411;0
1411;1
1411;7
1411;13
1411;176
1411;538
1411;668
1412;256
1412;355
1412;324
1412;5
1412;8
1412;43
1412;45
1412;17
1412;22
1412;216
1412;28
1413;1009
1414;1064
1414;385
1414;1091
1414;1259
1415;637
1415;197
1416;764
1416;1220
1418;0
1418;1
1418;284
1418;1269
1419;129
1419;443
1419;237
1419;318
1420;720
1420;6
1420;53
1420;102
1422;256
1422;324
1422;5
1422;8
1422;43
1422;45
1422;17
1422;22
1422;216
1422;28
1423;0
1423;1
1423;2
1423;3
1423;4
1423;6
1423;7
1423;13
1423;176
1423;115
1423;1140
1423;122
1423;636
1423;538
1423;30
1424;0
1424;1
1424;2
1424;3
1424;36
1424;5
1424;8
1424;81
1424;28
1425;145
1425;1138
1425;660
1425;351
1426;0
1426;1
1426;2
1426;3
1426;516
1426;197
1426;554
1426;24
1426;218
1426;31
1426;479
1427;1168
1427;114
1427;518
1429;131
1429;191
1429;998
1429;255
1430;0
1430;1
1430;2
1430;3
1430;4
1430;6
1430;458
1430;212
1430;151
1431;515
1431;78
1431;317
1431;262
1432;854
1433;1389
1435;984
1435;40
1435;41
1435;605
1435;17
1436;197
1436;637
1436;1415
1437;0
1437;1
1437;311
1437;641
1437;343
1438;298
1440;164
1440;980
1440;309
1441;0
1441;51
1441;5
1441;118
1441;71
1443;216
1443;882
1443;875
1443;349
1444;0
1444;1
1444;2
1444;291
1444;519
1444;171
1444;3
1444;24
1444;1244
1444;1021
1445;1027
1445;5
1445;8
1445;11
1445;12
1445;124
1445;414
1446;0
1446;1
1446;667
1446;13
1446;7
1447;1416
1447;1220
1447;764
1448;633
1448;397
1448;158
1452;674
1452;5
1452;597
1452;54
1452;90
1452;188
1453;40
1453;41
1453;17
1453;984
1453;1435
1453;605
1454;680
1454;859
1455;192
1455;0
1455;2
1455;3
1455;4
1455;6
1455;1
1455;115
1455;30
1456;1316
1456;5
1456;8
1456;172
1456;76
1456;307
1456;344
1457;5
1457;8
1457;43
1457;368
1457;17
1457;22
1457;28
1458;0
1458;353
1458;2
1458;3
1458;1
1458;110
1458;49
1458;131
1458;24
1458;31
1459;945
1459;140
1459;215
1460;262
1460;268
1460;78
1460;558
1462;177
1462;71
1462;78
1462;95
1463;0
1463;1
1463;201
1463;10
1463;203
1463;944
1463;305
1463;82
1463;127
1464;0
1464;1
1464;2
1464;3
1464;40
1464;136
1464;84
1464;181
1464;24
1464;92
1465;17
1465;26
1465;22
1465;1174
1466;0
1466;1
1466;476
1466;13
1466;7
1467;0
1467;1
1467;10
1468;1382
1469;114
1469;518
1470;0
1470;1
1470;10
1470;494
1470;726
1471;1168
1471;114
1471;1427
1471;518
1472;453
1473;0
1473;1
1473;2
1473;3
1473;4
1473;6
1473;1054
1473;151
1473;387
1473;853
1473;375
1473;157
1473;862
1474;0
1474;1
1474;66
1474;3
1474;5
1474;8
1474;11
1474;12
1474;2
1474;14
1474;16
1474;19
1474;117
1474;88
1475;5
1475;8
1475;11
1475;12
1475;14
1475;1051
1477;552
1477;1348
1477;127
1479;256
1479;448
1479;5
1479;8
1479;28
1479;43
1479;45
1479;17
1479;22
1479;280
1479;216
1480;40
1480;1385
1480;491
1480;166
1481;1369
1481;374
1482;544
1482;32
1482;2
1482;3
1482;0
1482;1
1482;9
1482;1387
1482;46
1482;399
1482;17
1482;1018
1482;187
1482;732
1483;0
1483;1
1483;2
1483;291
1483;933
1483;8
1483;144
1483;171
1483;12
1483;5
1483;142
1483;11
1483;3
1483;628
1483;24
1483;124
1483;261
1484;1183
1485;5
1485;8
1485;12
1485;11
1485;844
1485;109
1485;14
1485;16
1485;1242
1485;926
1486;0
1486;129
1486;37
1486;1
1486;10
1486;300
1486;77
1486;433
1486;179
1486;308
1486;87
1486;312
1487;0
1487;1
1487;2
1487;3
1487;4
1487;37
1487;6
1487;39
1487;10
1487;125
1487;30
1488;145
1488;718
1488;351
1491;481
1491;6
1491;1160
1491;107
1491;146
1491;1104
1491;881
1491;50
1491;502
1493;35
1493;373
1494;0
1494;1
1494;2
1494;3
1494;197
1494;650
1494;24
1494;218
1494;479
1494;31
1495;0
1495;1
1495;2
1495;3
1495;363
1495;374
1495;24
1495;313
1495;62
1496;614
1497;1490
1498;5
1498;8
1498;11
1498;12
1498;85
1498;214
1499;710
1501;35
1501;52
1501;38
1501;1302
1502;544
1502;32
1502;2
1502;3
1502;0
1502;1
1502;9
1502;46
1502;399
1502;17
1502;1018
1502;187
1502;732
1505;1249
1506;249
1506;379
1506;357
1507;1092
1507;261
1507;1126
1507;8
1507;11
1507;12
1507;686
1507;144
1507;142
1507;124
1507;5
1508;0
1508;1
1508;1446
1508;7
1508;13
1508;667
1509;672
1509;0
1509;11
1509;1
1509;37
1509;39
1509;8
1509;10
1509;775
1509;12
1509;14
1509;16
1509;104
1509;598
1509;57
1509;472
1509;89
1509;33
1509;28
1509;5
1511;0
1511;417
1511;2
1511;164
1511;1
1511;627
1512;1425
1512;1138
1512;351
1512;660
1512;145
1513;58
1513;123
1513;53
1513;6
1513;335
1514;0
1514;1
1514;10
