1;1138
1;1550
1;1118
2;1577
2;634
2;452
2;1282
3;134
3;814
3;1167
3;1041
3;558
3;1049
4;1029
4;137
4;1360
4;1365
4;790
4;61
5;1830
5;806
5;232
5;1486
5;695
5;155
5;1501
6;1417
6;1762
6;1277
6;1127
7;1887
7;143
8;76
8;1670
8;407
9;1379
9;1385
9;460
9;365
9;879
9;472
10;832
10;1066
10;372
10;1807
11;737
11;469
11;1271
12;1120
12;734
12;420
12;1445
12;1610
12;1522
12;146
12;117
12;1206
12;1847
12;894
12;1301
13;1650
13;565
13;1349
13;167
14;968
14;1809
14;1059
14;508
14;1817
15;1005
16;848
16;1432
16;1309
17;112
17;618
17;1324
17;127
18;1796
18;245
18;854
19;290
19;1316
19;1766
19;1386
19;465
19;536
19;1117
20;1826
20;1003
20;524
21;1128
21;852
21;1278
21;1722
21;1438
21;895
22;1824
22;1026
22;1388
22;1090
22;717
22;1526
22;1592
23;576
23;4
23;486
23;582
23;496
23;1604
23;1285
24;192
24;546
24;1539
24;678
24;646
24;399
24;532
24;1654
24;1336
24;1295
24;414
25;155
25;43
25;1455
25;592
25;921
25;859
26;1284
26;1737
26;436
26;1591
27;1704
27;932
27;263
28;1120
28;1894
28;1899
28;1814
28;152
28;351
29;425
29;162
29;252
30;679
30;1326
30;1584
30;1489
30;83
30;567
31;444
32;704
32;1417
32;364
32;85
32;1359
33;195
33;1508
33;330
33;452
33;730
33;605
34;706
34;1442
34;1524
34;507
34;1501
34;127
35;1120
35;392
35;875
35;1420
35;1518
35;1528
35;827
36;1698
36;940
36;1487
37;608
37;1240
37;1699
37;781
37;1862
39;545
39;513
39;554
39;377
39;1726
39;1727
40;516
40;1315
40;276
40;5
40;1189
41;577
41;163
41;564
41;1473
42;610
42;1755
42;119
42;1454
42;1844
42;245
42;631
42;955
43;312
43;1674
43;243
43;1828
44;280
44;476
44;460
44;166
44;817
45;881
45;1634
45;388
45;1209
46;824
46;1793
46;1906
46;1508
47;1482
47;1270
48;1712
48;1715
49;1896
49;1345
49;763
49;309
49;719
50;1634
50;647
50;137
50;716
50;1132
50;1111
50;1273
50;538
51;1555
51;1243
51;1499
52;114
52;1179
52;1411
52;637
52;1111
53;1321
53;980
53;1713
54;289
54;260
54;141
54;1045
54;791
54;600
54;1371
55;1576
55;1249
55;698
55;1848
56;1443
56;1235
56;199
56;1171
56;1596
56;383
57;161
57;869
57;1351
57;1837
57;622
57;1669
57;1426
57;1691
57;735
58;839
58;330
58;1071
58;882
58;1879
58;1500
59;677
59;1574
59;1062
59;1139
59;923
59;1278
60;817
60;811
60;1781
60;1510
60;1759
61;915
61;1701
61;102
62;578
62;1566
62;1053
62;654
63;1394
63;443
63;325
63;1094
64;1795
64;1439
64;621
64;607
65;66
65;683
65;75
65;911
65;1072
65;1905
65;510
66;432
66;1348
66;453
67;1569
67;1814
67;1375
68;1120
68;1389
68;1518
68;560
68;755
68;286
69;1820
69;101
69;694
70;1696
70;1091
70;488
70;881
70;1820
70;1597
71;64
71;1410
71;967
71;460
71;1809
71;1850
71;1532
72;130
72;388
72;421
72;902
72;536
72;762
73;808
73;676
73;494
74;575
74;1146
74;567
74;1581
74;39
75;728
75;355
75;796
75;789
75;319
76;978
76;148
76;1126
76;918
77;585
77;1126
77;1033
78;676
78;649
78;1485
78;240
78;627
78;1333
78;1623
78;836
78;1788
79;1136
79;1114
79;547
79;1902
80;609
80;1317
80;1281
80;1768
80;428
80;1838
80;560
80;984
80;1145
81;905
81;1838
81;530
81;84
81;598
81;1113
82;1780
82;851
82;339
82;172
82;797
83;97
83;130
83;1421
83;1775
83;860
83;637
84;1508
84;869
84;870
84;977
84;85
84;1051
85;1282
85;1796
85;1897
85;782
85;164
85;154
86;66
86;468
87;1674
87;1747
87;910
88;121
89;1248
89;1888
89;837
89;518
89;1196
89;1358
89;1841
89;530
89;1413
90;69
90;1864
90;306
90;1779
90;376
90;645
91;1250
91;579
91;491
91;939
91;1239
92;508
92;53
93;16
93;409
93;682
93;405
94;331
94;259
94;1463
95;1154
95;1538
95;1895
96;1729
96;1579
96;182
96;88
96;26
96;1437
97;1026
97;1074
97;1273
97;1690
97;351
97;1311
98;1459
98;1013
98;222
98;743
99;1637
99;647
99;938
99;441
99;122
99;637
99;1694
100;9
100;92
100;853
100;1017
101;804
101;811
101;17
101;1495
101;732
101;125
102;8
102;1741
102;315
102;1621
102;983
103;1504
103;1025
103;1211
103;292
103;1005
103;1647
103;1873
103;1619
103;947
103;1751
103;281
103;347
104;1296
104;57
104;1884
104;405
104;1567
105;390
105;142
106;1122
106;70
106;966
106;1834
106;395
106;1339
106;1022
107;524
107;1390
107;1556
107;334
107;1014
107;276
107;1877
108;1040
108;1436
108;1100
108;1805
108;1526
109;49
109;666
109;1315
109;1020
111;551
111;1224
111;1453
111;814
111;1712
111;1672
111;537
111;157
112;1537
112;1284
112;1228
112;15
112;724
112;760
113;1316
113;1448
113;1388
113;1387
113;1196
113;912
113;1145
113;637
114;553
114;1195
114;1308
114;1451
114;310
115;803
115;1382
115;119
115;1709
115;691
115;1046
115;759
116;1683
116;520
116;329
116;650
116;909
116;1032
116;1010
116;1267
116;1492
116;185
116;1180
116;479
117;1762
117;794
117;1876
117;221
117;1221
118;97
118;266
118;1467
118;530
118;1522
119;1784
119;609
119;1579
119;182
120;1570
120;39
120;653
120;642
120;1624
120;442
120;1151
121;96
121;1042
121;83
121;303
122;360
122;722
122;1755
122;270
123;1320
123;1688
123;844
123;597
123;1805
124;1657
124;1330
124;707
124;1469
124;759
125;705
125;769
125;682
125;972
125;1202
125;1268
125;1752
125;346
125;126
126;1091
126;771
126;227
126;1351
126;1489
126;883
126;1460
127;204
127;432
127;1650
127;564
127;954
127;893
127;1887
128;667
128;1382
128;1488
128;1201
128;468
128;855
128;123
129;1123
129;367
130;98
130;244
130;1399
131;696
131;377
131;824
132;1280
132;1186
132;1358
132;699
132;1212
132;1661
132;1822
133;1065
133;1586
133;1227
134;1777
134;1842
134;821
134;1238
134;1271
135;709
135;904
135;1487
135;530
135;1523
135;628
135;87
135;1755
135;1695
136;345
136;1577
137;193
137;163
137;1525
137;211
137;1175
138;323
138;1004
138;1134
139;1538
139;1027
139;1188
139;517
139;272
139;670
140;362
140;1556
141;472
141;880
141;970
141;1340
141;839
142;646
142;695
143;376
144;929
144;462
144;208
144;1490
144;788
144;156
145;992
145;1633
145;1131
146;1024
146;1537
146;1388
146;173
147;138
147;1268
147;598
148;1817
148;835
148;579
148;899
148;1330
149;1413
149;1544
149;1672
149;689
149;530
149;831
150;1217
150;1890
150;103
150;395
150;1753
150;1214
150;1055
151;40
151;601
151;1600
151;1725
151;889
152;1672
152;1553
152;1499
152;340
153;1872
153;194
153;1678
154;508
155;2
155;1027
155;1679
155;1251
155;565
155;1565
156;225
156;1556
157;1027
157;104
157;1427
157;206
157;227
157;1875
157;734
158;473
158;355
158;908
158;691
158;689
159;928
159;965
159;1069
159;397
159;627
159;1238
160;444
160;12
160;1333
160;505
161;1480
161;1028
161;707
161;580
161;1798
162;1498
162;1714
163;1729
163;450
163;643
163;457
163;938
163;1898
163;1201
163;925
164;192
164;513
164;1731
164;157
164;1673
165;1746
165;1388
165;1295
166;1680
166;1875
166;1429
166;1559
167;392
167;1295
167;1712
167;884
167;1397
167;760
168;793
168;410
168;252
168;1562
169;1312
169;450
169;1351
169;1523
169;1464
169;1469
170;1018
170;1118
170;1263
171;176
171;435
171;1716
171;111
172;969
172;1221
172;1129
173;1187
173;709
173;201
173;1195
173;1009
173;1430
173;1816
173;410
173;1822
174;306
174;1558
174;1415
175;1051
175;777
175;307
175;1148
176;986
176;1859
177;288
177;840
177;122
177;1027
177;1377
178;817
178;155
178;1217
179;1890
179;1395
179;5
179;71
180;593
180;947
180;503
181;627
181;142
182;1048
182;834
182;323
182;659
182;822
183;824
184;99
184;420
184;1575
184;1710
184;532
184;182
185;1376
185;291
185;1158
185;1095
185;237
185;1327
185;1494
185;1755
185;700
186;553
186;1426
186;917
187;1354
187;941
188;1262
188;623
188;1459
188;14
188;1080
188;575
188;991
189;1807
189;330
189;1427
189;565
189;1335
190;1587
190;1310
190;1158
190;1573
191;1552
191;1197
192;448
192;1647
192;1269
192;1335
192;921
192;155
193;68
193;38
193;616
193;1426
193;1907
193;1144
194;1725
194;7
195;1259
195;322
195;1058
195;458
195;879
196;228
196;199
196;1065
196;951
196;274
196;1796
196;1015
196;1655
196;538
197;56
197;88
197;1642
197;537
197;271
198;1400
198;1859
199;379
199;517
199;1293
200;336
200;960
200;1367
200;228
200;703
201;57
201;292
201;529
201;457
202;80
202;911
203;1355
203;395
203;1904
203;1206
203;1018
203;1756
203;1629
204;1120
204;1445
204;1576
204;1365
204;1886
204;735
205;1317
205;435
205;339
205;185
205;1467
205;62
206;1569
207;937
207;1009
207;471
208;1636
208;1342
209;1531
209;431
210;1038
210;1675
210;101
210;430
211;1840
211;1705
211;882
211;1274
211;1182
212;1670
212;466
212;1646
212;1494
212;439
213;1680
213;75
213;390
214;1764
214;297
214;267
214;973
214;142
214;688
215;1112
215;78
216;641
216;771
216;1198
216;1298
216;275
216;376
216;1243
218;643
218;715
218;1517
218;625
218;250
218;698
219;1272
219;1250
219;412
219;1629
220;713
220;719
221;984
221;107
221;1532
221;901
222;929
222;1306
222;363
222;1693
222;1073
223;1445
223;1037
223;942
223;1077
223;534
223;1373
224;984
225;1114
225;1498
226;624
226;1459
226;1612
226;1694
227;416
227;1569
227;1303
227;1300
227;1815
227;637
228;202
228;1492
228;554
228;1335
229;72
229;1891
229;1387
229;615
230;1002
230;434
230;983
230;594
230;805
231;1347
231;651
231;1348
231;821
232;1530
232;319
232;60
232;365
232;7
233;1124
233;714
233;844
233;909
233;593
233;1298
233;1788
234;169
234;106
234;188
234;1342
234;1247
235;962
235;1874
235;1586
235;567
235;1402
235;411
236;1150
236;231
237;1574
237;1512
237;140
237;1074
237;19
237;920
237;1337
237;862
237;1727
238;696
238;1826
238;922
238;1347
238;181
239;209
239;258
239;538
239;453
240;1272
240;1787
240;1052
241;1442
241;1389
242;619
242;836
243;1140
243;1226
243;131
243;908
243;1518
244;937
244;922
244;1069
244;358
245;674
245;355
245;1542
245;936
245;1117
245;1663
246;481
246;1505
246;595
246;213
246;1528
246;1437
247;600
247;610
247;1445
247;1390
247;1359
248;568
248;506
248;99
248;1556
248;79
249;1364
249;121
249;1674
249;12
249;1300
250;145
250;202
250;1449
250;1756
250;321
251;1507
251;615
251;1193
251;1581
251;627
251;318
252;1760
252;486
252;232
252;1596
252;1517
252;1018
252;892
252;1343
253;971
253;1900
253;1661
253;1302
253;1431
253;1725
254;1888
254;1905
254;586
254;292
254;557
255;1841
255;275
255;103
256;67
256;1055
257;914
257;595
257;508
257;325
257;823
258;1180
258;748
258;1413
258;1693
259;897
259;484
259;901
259;1841
259;1557
259;1463
259;1053
260;1601
260;802
260;683
260;911
260;52
260;1657
260;766
261;1712
261;229
261;254
262;199
262;815
262;977
262;594
262;1622
262;1209
262;495
263;1883
264;1696
264;1325
265;1672
265;1840
265;314
265;762
266;192
266;720
266;883
267;995
267;871
267;1256
267;1513
267;1515
267;556
267;1201
267;180
267;821
267;1492
268;48
268;1674
268;1731
268;735
269;1396
269;141
269;1871
269;210
269;1140
269;1513
269;57
269;539
270;1307
270;841
270;43
270;1320
270;1129
271;1446
271;838
271;973
271;182
271;1082
271;379
271;924
272;582
272;232
272;1835
272;400
272;1393
272;1746
272;91
273;1529
273;1716
274;872
274;1520
274;1164
275;776
275;276
275;1502
275;1478
276;289
276;1162
276;575
276;473
277;1780
277;1116
277;1277
277;1703
278;883
279;1569
279;891
279;916
279;1797
280;337
280;1035
280;1468
280;977
281;641
281;602
281;795
281;1242
282;961
282;1698
282;307
282;829
282;86
283;1040
283;1905
283;1586
284;1096
284;411
284;421
284;1398
284;1189
285;1008
285;1660
285;612
285;1293
286;1693
286;1227
286;1411
286;1277
286;1501
287;1641
287;1411
287;6
287;1647
288;1008
288;196
289;456
289;1753
290;1441
290;1490
290;1307
291;1120
291;243
291;1334
292;1641
292;930
292;756
292;1370
292;1455
293;512
293;945
293;139
293;1163
293;1588
294;34
294;809
294;746
294;51
294;1781
294;888
294;476
294;1695
295;273
295;247
295;1478
295;135
296;514
296;1393
296;1647
296;1424
296;945
296;663
297;1002
297;834
297;805
298;738
298;1704
298;1673
298;12
298;145
298;1010
299;1378
299;1738
299;1131
299;1586
299;346
299;447
299;1726
299;927
300;1506
300;1124
301;258
301;773
302;1171
302;196
303;1533
303;30
304;1208
304;1745
304;330
304;770
305;232
305;41
305;335
306;451
306;501
306;1894
307;227
307;1629
308;1872
308;962
308;101
308;552
308;208
308;1693
309;1816
309;2
309;1866
309;214
310;1037
310;591
312;378
312;1363
313;1122
313;101
313;1895
313;1590
313;1850
313;91
313;1244
313;1887
314;1560
314;1203
315;811
315;419
315;868
316;1393
316;1782
316;1414
316;1390
316;1521
317;432
317;897
317;1232
317;1392
318;1403
318;69
318;966
318;1193
318;1418
318;1771
318;884
318;1684
318;155
318;581
319;1192
319;1714
319;1366
319;175
320;1648
320;1383
320;424
320;1642
320;1774
320;1200
320;734
321;619
321;1870
321;373
321;1018
321;764
321;381
322;836
323;1440
323;1314
323;1808
323;369
323;211
323;1145
324;1272
324;57
324;613
324;1118
324;1109
325;73
325;1050
325;877
325;1653
326;136
326;1777
326;1259
326;1836
326;1851
327;89
327;298
327;204
328;354
328;913
328;397
328;1677
328;145
328;51
328;764
329;1461
329;1230
329;335
329;658
329;181
329;853
329;503
329;1499
329;959
330;721
330;1266
330;652
330;1167
331;528
331;1324
331;846
332;867
332;1897
332;1450
332;1388
332;1141
332;536
333;288
333;980
333;715
333;420
333;1321
334;297
334;863
334;1895
334;695
335;1669
335;285
335;782
335;1591
336;1265
336;363
336;443
336;486
336;1881
337;744
337;1801
337;1835
337;165
338;1307
338;1807
339;545
339;1474
339;1839
339;1362
339;1435
339;893
339;1758
340;1024
340;737
340;1346
340;177
340;1363
340;532
341;1249
341;1059
341;1764
341;713
341;1645
341;1586
341;340
342;1442
342;1771
342;1642
342;1779
343;754
343;530
343;1020
343;589
343;1079
344;66
344;1126
344;1870
344;205
344;134
345;1363
345;598
346;1333
346;1127
347;1792
347;1882
347;500
348;616
348;713
348;782
348;1524
348;669
348;702
349;1504
349;649
349;626
349;1131
349;270
350;1133
350;421
350;1134
350;605
351;1077
352;481
352;691
352;668
353;1083
353;1246
354;1839
354;188
354;285
354;517
355;1057
355;1090
355;388
355;1421
355;1011
355;1687
355;1245
356;169
356;1123
356;373
356;1455
357;849
357;1351
357;527
358;324
358;812
358;145
358;1458
358;179
358;1589
359;1860
359;1867
359;156
359;1621
359;1637
360;1113
360;1452
360;580
360;1233
361;193
361;194
361;156
361;1390
361;1367
361;700
361;1117
361;575
362;1636
362;186
362;52
362;1127
363;1720
363;929
363;1188
363;789
363;855
364;1744
364;1709
365;1025
365;1795
365;1671
365;1619
365;1812
365;215
365;601
366;1666
366;548
366;1868
366;83
366;1174
366;1559
368;674
368;1578
368;423
368;1002
368;1169
368;1813
368;24
368;505
368;1546
368;1470
369;513
369;1541
369;1799
370;1207
370;731
370;637
370;1182
370;319
371;0
371;453
371;808
371;973
371;886
371;792
371;890
372;173
372;851
372;1620
372;158
372;1694
372;442
372;1278
372;501
373;289
373;1363
373;1259
373;1431
374;970
374;862
374;180
374;149
374;350
375;1480
375;1361
375;852
375;1552
375;711
376;1242
376;212
376;1037
376;39
377;274
377;1733
377;1350
378;296
378;904
378;1611
378;326
378;831
379;484
379;1030
379;335
379;368
379;372
379;54
379;504
380;376
380;1
380;1082
380;1704
380;337
381;1495
382;1665
382;828
383;233
383;1339
383;1356
383;1845
383;1377
384;698
384;1091
384;1863
384;725
384;1271
385;1442
385;294
385;1709
385;1368
385;504
385;1762
386;640
386;737
386;515
386;299
386;242
386;1562
387;824
387;1615
387;245
387;1534
387;445
388;588
388;324
388;742
388;1084
389;123
389;1535
390;1314
390;1413
390;967
390;1354
390;972
390;852
390;1629
391;1216
391;1505
391;75
391;175
391;1586
391;1844
391;1466
391;859
392;635
392;1868
392;1707
393;1073
393;809
393;1575
393;561
393;697
393;1790
394;1857
394;1058
394;1380
394;1106
395;154
396;1336
396;1819
397;728
397;769
397;675
397;1076
398;896
398;1442
398;932
398;1768
398;1613
398;272
398;661
398;1528
398;1860
398;885
399;777
399;903
399;1023
399;789
399;783
400;692
400;638
400;207
401;897
401;619
401;564
401;312
401;1532
401;1567
402;519
402;425
402;170
402;432
402;1586
402;181
402;663
402;377
402;1241
402;1181
403;1220
403;19
403;604
403;1846
404;513
404;1094
404;615
404;105
404;1420
404;1168
405;920
405;860
406;323
406;1829
406;454
406;1896
406;459
406;1744
406;947
406;600
406;1562
406;1019
407;1899
407;891
407;4
407;117
409;993
409;578
409;1795
409;389
409;75
409;1358
409;1843
410;784
410;952
410;1776
410;117
410;1617
411;288
411;218
411;429
411;453
412;1648
412;355
412;451
413;737
413;1666
413;180
413;581
413;310
414;817
414;1658
414;1521
414;1651
414;575
415;578
415;579
415;1316
415;165
415;1255
415;168
415;940
415;435
415;984
415;1820
415;1022
416;1217
416;675
416;1446
416;236
416;1742
416;1873
416;1379
417;281
417;645
417;1713
418;256
418;304
418;1793
419;1465
419;282
419;1669
419;14
420;1783
420;1315
420;109
420;1487
420;127
421;8
421;1249
421;422
421;1887
422;416
422;928
422;274
422;795
422;1053
423;1597
423;1231
423;885
423;549
423;151
424;1414
424;754
424;382
424;198
425;993
425;1765
425;1703
425;1390
425;1297
425;22
425;792
425;1180
425;1598
425;127
426;394
426;915
426;1063
427;1412
428;1108
429;1636
429;261
429;413
429;84
429;918
429;1533
430;202
430;1781
430;870
430;287
431;384
431;1899
431;1403
431;487
432;290
432;1829
432;949
432;1446
432;1239
433;555
433;1869
433;1777
433;916
433;1527
433;1880
433;1343
434;865
434;996
434;807
434;1640
434;617
434;1548
434;781
434;399
435;74
435;990
435;39
436;98
436;1833
436;1835
436;883
436;1140
436;280
436;378
437;1035
438;860
438;324
438;69
438;1865
438;1639
439;1296
439;1387
439;678
439;1759
440;1227
440;1606
440;1638
440;299
440;1422
440;1136
441;122
441;1771
441;1530
442;1160
442;1075
442;495
443;1185
443;1692
443;972
444;162
444;1155
444;1678
444;1013
444;822
444;1335
445;1296
445;637
445;1591
446;1315
446;1381
446;364
446;748
446;1839
446;634
446;606
447;354
447;746
447;87
448;552
448;568
448;815
448;1820
448;567
449;827
449;670
449;1011
450;1085
450;286
451;1160
451;956
451;916
451;1389
451;647
452;693
452;230
452;223
453;1
453;470
453;1383
453;1456
453;417
453;1814
454;376
454;1745
454;1878
455;58
455;955
456;1249
456;296
456;9
456;1322
456;114
456;790
456;1625
456;571
456;605
457;866
457;934
457;554
457;1579
457;1400
457;1243
457;62
458;636
458;250
458;68
458;1063
459;674
459;1379
459;1287
459;718
459;1584
459;1212
460;576
460;1601
460;1826
460;1591
460;1081
460;573
461;785
461;780
461;1021
461;1521
462;360
462;944
462;314
462;635
462;1770
463;1121
463;1219
463;1406
464;451
464;389
464;1103
464;1200
464;189
464;1342
465;1304
465;453
465;942
465;1231
466;1408
466;1158
466;199
466;172
466;1081
466;635
466;1245
467;529
467;884
467;261
467;1854
468;504
468;362
469;1114
469;1675
469;958
470;1027
470;1131
470;1132
470;752
470;338
470;1429
471;104
471;626
471;1827
471;1252
471;890
472;1537
472;1219
472;74
472;1297
472;1076
472;892
472;895
473;500
474;1829
474;565
474;997
475;762
475;446
476;922
476;668
476;119
477;560
477;594
477;1618
477;1173
478;192
478;899
478;1381
478;422
478;745
478;1574
478;81
478;1719
478;1724
479;160
479;206
479;948
479;1655
479;116
479;442
479;826
480;635
480;332
480;614
481;806
481;1102
481;851
481;1749
481;951
481;1529
481;1114
482;1346
482;1702
482;1843
482;1844
482;1463
482;828
483;690
483;1205
483;1429
484;1450
484;452
484;1530
484;1774
485;742
485;1852
485;1720
485;664
485;284
485;445
486;192
486;1740
486;1890
486;1260
487;1040
487;1194
487;85
487;887
488;1666
488;421
488;967
488;875
488;979
488;1175
489;1360
489;354
489;52
489;574
490;1600
490;837
490;1767
490;1556
490;1243
490;1119
491;1897
491;402
492;961
492;311
493;1263
493;1063
493;957
493;287
494;1239
494;1828
494;1759
494;207
495;1484
495;604
495;1015
496;474
496;1619
496;706
497;1081
497;722
497;1622
498;582
498;1323
498;1203
498;1683
498;1111
498;984
499;225
499;1861
499;257
499;1545
499;1330
499;944
499;530
499;211
500;36
500;200
500;431
500;1520
500;1512
500;947
500;1405
501;1570
501;101
501;775
501;1683
501;1684
501;1212
502;322
502;1802
503;1760
503;1577
503;639
504;25
504;933
504;1118
505;1312
505;1666
505;1077
506;208
506;1497
506;642
507;457
507;1415
507;183
508;1211
508;165
509;833
509;642
509;841
509;1801
509;878
509;53
509;1143
510;1581
511;1224
511;891
511;1758
511;1695
512;1424
512;433
513;1483
513;1350
513;747
513;779
513;82
513;821
514;576
514;561
514;1448
514;1269
514;1510
515;896
515;573
516;1090
516;1199
517;609
517;1147
517;157
518;192
518;1382
518;969
518;697
518;504
518;89
518;703
519;162
519;324
519;1766
519;166
519;1096
519;433
519;982
520;1056
520;1348
520;232
520;1097
520;885
520;1367
520;1119
521;1344
521;1681
521;1510
522;803
522;1222
522;1358
522;643
522;23
522;1118
523;1088
523;729
523;811
523;1573
523;1135
524;1357
524;206
524;145
524;920
524;1625
524;698
525;1144
525;1449
525;885
526;378
526;898
527;1240
527;1042
527;956
527;1122
527;111
528;1090
528;748
528;1439
529;512
529;1545
529;1866
529;1452
529;284
529;285
530;1283
530;1866
530;211
530;45
531;1659
531;1461
532;1668
533;328
534;1432
534;1425
534;1059
534;1724
534;413
535;217
535;394
535;879
536;58
536;1165
536;38
536;863
537;1283
537;579
538;1035
538;1574
538;246
539;459
539;1646
539;1585
539;1844
539;1657
539;826
540;1852
540;1436
540;462
540;102
541;1776
541;1873
541;1660
542;130
542;486
542;1416
542;108
542;1005
542;1048
542;984
542;857
542;1403
543;928
543;212
544;1274
544;468
544;413
545;389
545;597
546;1114
546;1398
546;1202
546;606
547;1220
547;1110
548;1186
548;1275
548;126
548;94
548;1591
549;1170
549;331
549;420
549;5
550;1304
550;929
550;1455
550;1078
550;295
551;2
551;1740
551;398
551;823
552;833
552;1091
552;1002
552;1900
552;1261
552;1667
552;788
552;119
552;474
553;65
553;1346
553;797
553;1623
554;999
554;1608
554;489
554;562
554;630
554;281
554;1533
555;1123
555;1003
555;1392
555;731
555;1342
555;255
556;1116
556;582
557;1252
557;719
557;754
557;1812
557;1876
557;740
557;638
557;1055
558;1378
558;67
558;1636
558;777
558;1386
558;370
558;340
559;418
559;1445
559;614
560;1361
560;1676
560;561
560;1302
560;1436
560;990
561;1474
561;1346
561;260
561;1341
561;702
562;1384
562;1156
562;550
562;78
563;144
563;1475
563;1381
563;1110
564;897
564;1506
564;50
564;1082
564;251
564;1532
565;56
565;218
565;902
565;478
566;554
566;797
566;1871
567;220
567;1813
567;350
568;27
569;1666
569;1698
570;869
570;423
570;1712
570;465
570;1533
570;62
570;703
571;1152
571;1859
571;1284
571;294
571;1895
571;1576
571;90
571;604
572;898
572;1160
572;393
572;1858
572;1672
572;563
572;308
572;532
572;1339
573;450
573;1635
573;138
573;1739
573;144
573;1813
574;837
574;6
574;1516
574;1869
574;557
574;271
575;672
575;1200
575;1585
576;913
576;195
576;100
576;6
576;519
576;1256
576;1100
576;241
576;620
576;17
576;1079
577;857
577;1107
577;1013
577;806
577;1313
578;836
578;729
578;228
578;1125
579;160
579;123
579;691
579;763
581;432
581;217
581;1196
581;593
582;1290
582;1677
582;638
582;1726
583;730
583;612
583;95
584;992
584;1062
584;1320
584;1388
584;716
584;1714
585;97
585;1800
585;1641
585;618
585;1720
585;752
585;1297
585;1272
585;59
585;1021
585;1311
586;1347
587;754
587;871
587;878
587;231
588;581
588;1355
588;1868
588;1357
588;1070
588;1682
588;627
588;142
588;251
588;917
589;808
589;1688
589;1682
589;1613
590;187
590;1695
590;1165
590;1319
591;1116
591;169
591;1447
591;588
591;1384
592;579
592;317
592;1251
593;769
593;1716
593;1702
593;534
594;1139
594;1775
595;512
595;1200
595;578
595;1275
596;1419
596;1353
596;1291
596;1805
596;1769
596;666
596;1022
597;721
597;644
597;789
597;1793
597;1495
599;984
599;925
599;750
600;730
600;115
600;101
600;1779
601;169
601;1082
601;1053
601;63
602;265
602;554
602;1421
602;1718
602;441
603;1186
603;1325
603;1715
603;578
603;341
603;151
603;314
603;1532
603;1662
604;1284
604;127
604;828
604;1827
604;55
605;246
606;453
606;520
606;617
606;1482
606;1299
606;1238
606;1881
606;953
606;1210
607;1339
607;1862
607;560
607;1879
607;1563
607;1692
608;1784
608;164
608;567
609;1608
609;1874
609;1604
609;1518
609;391
611;899
611;133
611;935
611;654
611;431
611;1809
611;434
611;443
611;413
612;1634
612;420
612;743
612;1131
612;1806
612;1874
612;1076
612;1339
613;512
613;1473
613;231
613;1288
613;1681
613;1204
613;725
613;1601
614;257
614;194
614;1571
614;203
614;1434
614;380
615;1347
615;873
615;106
615;1289
615;220
615;1757
616;272
616;841
616;1291
616;1662
617;1065
617;954
617;644
617;1782
617;1711
618;810
618;1404
619;249
619;68
620;1104
620;648
620;400
620;593
620;1684
620;1014
621;416
621;1794
621;548
621;1736
621;753
621;1529
621;1465
621;1242
621;348
622;163
622;1764
622;40
622;650
622;274
622;1203
622;149
622;407
622;1403
623;610
623;1197
623;1616
623;1009
623;532
623;1214
624;612
624;7
624;137
624;1423
624;1233
624;1139
624;1085
624;1310
625;708
625;298
625;76
625;303
625;1523
625;440
626;816
626;377
626;1596
626;566
626;385
627;1289
627;1050
627;733
628;1348
628;1234
628;1044
628;1333
628;23
628;1796
628;1882
629;346
629;412
629;410
629;1894
630;872
630;700
630;1133
631;1792
631;968
631;265
631;400
631;1877
631;120
632;129
632;1667
632;710
632;941
632;1422
632;657
632;1522
632;1532
633;1606
633;1383
633;41
633;1902
633;1336
633;953
633;282
634;354
634;1570
634;540
634;1381
634;1022
635;1592
635;972
635;1386
635;812
635;1562
636;1632
636;602
637;1116
637;386
637;444
637;573
638;1344
638;1195
638;813
638;238
638;1268
638;1050
638;1118
639;456
639;1647
639;1322
639;963
639;1167
640;616
640;932
640;21
641;872
641;1
641;779
641;340
641;1191
642;996
642;892
642;733
643;1343
643;900
643;950
643;262
643;1023
644;422
644;1361
644;980
644;593
644;1108
644;25
644;1212
645;686
645;151
646;677
646;810
646;1678
646;79
646;1778
646;1629
647;1384
647;886
648;1381
648;1031
648;111
648;1493
648;667
648;1309
648;1797
649;1880
649;130
649;525
650;1474
650;355
650;956
650;1435
651;232
651;267
651;966
651;1839
652;1472
652;908
652;1805
652;1426
652;1651
652;789
652;793
653;954
653;979
653;1364
654;3
654;366
654;1270
654;249
654;795
654;222
655;1692
655;722
655;364
656;240
656;305
656;1136
656;1221
656;279
657;738
657;1091
657;326
657;1482
657;815
657;947
657;981
657;1309
658;775
658;115
658;239
658;1791
658;235
659;1281
659;98
659;451
659;1802
659;14
659;1315
659;763
659;1343
660;1392
660;1755
660;1695
661;1641
661;47
661;1589
661;438
661;1240
661;505
662;1281
662;166
662;1815
663;56
663;489
663;635
663;423
664;497
664;419
664;1475
664;641
665;158
665;471
666;945
666;170
666;1143
667;1825
667;461
668;89
668;1882
668;964
668;1534
669;321
669;621
669;1181
669;146
669;84
669;571
669;1724
669;477
670;1474
670;1175
670;413
670;597
671;1758
671;250
671;1622
671;1582
672;673
672;818
672;1668
673;1418
673;1907
673;1530
674;1144
674;1081
674;1506
674;1784
674;1430
675;865
675;1485
675;1405
675;1007
676;193
676;1815
677;1636
677;612
677;605
677;1135
678;1258
679;685
679;877
679;1199
679;1264
679;823
679;507
679;124
680;1762
680;1287
680;1609
680;1487
680;1705
680;1658
680;671
681;1676
681;1050
681;156
681;294
681;198
682;336
682;330
682;1615
682;1653
682;623
683;997
683;460
683;813
683;1341
683;529
683;1302
683;1181
684;577
684;1699
684;1743
684;368
684;437
684;408
685;875
685;217
685;147
685;1701
686;1417
686;1822
687;216
687;1299
687;380
688;320
688;996
688;762
688;284
689;197
689;1864
689;492
689;626
689;697
689;1052
690;185
690;1299
690;1724
690;1879
691;194
691;294
691;1132
691;354
691;1454
691;1268
691;726
691;535
692;1202
692;1580
692;950
693;1338
693;596
693;734
693;294
694;367
694;836
694;798
694;151
695;296
695;82
695;1756
695;102
696;289
696;540
696;966
697;1347
697;772
697;734
697;1847
698;1569
698;102
698;1160
698;1001
698;952
698;1819
698;253
698;1470
699;1873
700;875
700;47
701;1083
701;38
702;688
702;193
702;183
703;1442
703;1579
703;1220
703;904
703;779
703;786
703;1109
703;1624
703;1899
704;362
704;12
705;198
705;585
705;1453
705;529
705;1618
705;308
705;504
706;1538
706;229
706;1073
706;947
706;1044
706;1573
707;611
707;199
708;1724
708;868
708;93
708;54
709;96
709;1409
709;587
709;199
709;1352
709;1403
709;555
709;1392
709;1555
709;179
709;1179
709;1855
710;1107
710;131
710;1858
710;1794
711;1320
711;1033
711;28
712;224
712;1066
712;397
712;110
712;1135
712;306
712;1747
712;1618
712;246
712;1213
713;545
713;916
713;1557
713;599
713;378
713;1691
713;1717
714;236
714;1005
714;1742
714;1524
714;730
714;411
714;1690
715;840
715;634
715;1228
715;886
716;354
716;387
716;1804
716;275
716;597
716;919
716;1343
717;1734
717;42
717;1292
717;1876
717;316
717;1418
718;1825
718;1635
718;1356
718;1680
718;1891
718;185
719;72
719;1578
719;1134
719;1143
719;1849
719;1053
720;1744
720;764
720;722
720;452
721;514
721;1394
721;693
721;1734
722;728
722;597
722;998
722;1773
723;1600
723;682
723;85
723;1606
724;1600
724;1060
724;517
724;1830
724;1897
724;1805
724;1524
724;154
724;414
724;1605
725;945
725;1434
725;31
726;1347
726;103
726;1450
726;1039
726;1394
726;1336
726;857
727;491
727;1707
727;427
727;1100
727;1202
727;950
727;1111
728;392
728;346
728;475
728;1710
729;808
729;1003
729;561
729;1907
729;215
729;1887
730;416
730;649
730;1162
730;591
730;1688
730;926
731;641
731;772
731;613
731;525
731;528
731;1011
731;1572
732;1179
732;1772
732;829
732;885
733;1347
733;1384
733;1260
733;1614
733;240
733;1841
733;211
734;532
734;115
734;260
734;815
735;1164
735;535
735;68
735;1245
735;167
736;800
736;875
736;39
736;395
736;80
736;1881
737;433
737;298
737;275
737;933
737;375
738;1090
738;1576
738;1866
738;1107
738;436
738;1334
738;733
739;1605
739;72
739;1578
739;235
739;1678
739;368
740;1177
740;1737
741;1193
741;1191
741;798
741;294
741;623
742;1092
742;1733
742;1833
742;876
742;77
742;1367
743;1864
743;858
743;1565
743;750
744;248
744;1434
744;1115
744;590
745;736
745;674
745;1624
745;824
745;373
745;280
745;825
746;440
747;1113
747;981
748;336
748;984
748;506
748;803
749;161
749;957
749;1606
749;1393
750;1669
750;871
750;360
750;777
750;1842
750;531
750;1884
750;701
750;127
751;1097
751;1442
751;1829
753;1523
753;530
753;802
753;77
753;631
754;800
754;785
754;571
754;733
754;766
754;1503
755;1768
755;1551
755;1854
755;735
756;274
756;1811
756;511
757;1556
757;1557
757;1198
758;706
758;1795
758;930
758;946
758;963
758;53
759;1664
759;161
759;1350
759;358
759;1609
759;214
759;955
759;182
760;463
761;1414
761;489
761;778
761;439
761;1005
761;1587
761;1353
761;1802
762;1033
762;258
762;1732
762;1746
763;1475
763;1269
763;895
764;43
764;847
765;451
765;1489
765;459
765;49
765;1138
765;83
765;697
766;635
766;1683
766;22
766;1495
767;144
767;1276
767;205
767;1127
768;1064
768;1600
768;451
768;1755
768;511
769;1506
769;455
769;941
769;598
769;1210
769;1691
770;841
770;658
771;49
771;525
771;1369
771;1237
772;1024
772;36
772;971
772;1393
772;1049
772;1790
773;1072
773;306
773;1366
773;522
773;494
774;1876
774;1356
774;694
775;41
775;692
775;1053
775;1639
776;164
776;77
777;91
777;1251
778;1696
778;673
778;580
778;425
778;1643
778;116
778;457
778;500
778;1373
779;1401
779;11
779;380
780;906
780;1866
780;1446
781;56
781;1145
782;1399
782;1684
782;1071
783;1563
783;758
783;22
784;1361
784;842
784;662
784;287
785;1422
785;617
785;306
785;1414
785;406
786;1307
786;1187
786;133
787;58
787;1810
787;754
788;70
788;753
788;474
788;1083
788;572
788;893
788;319
789;1443
789;1764
789;221
789;1606
789;989
790;48
790;923
790;519
791;328
791;1025
792;353
792;301
792;1457
792;1203
792;787
792;1755
793;1804
793;426
793;1643
793;444
793;1894
794;1411
794;1701
794;136
794;233
794;746
794;1294
794;744
794;1212
795;1576
795;1803
795;1105
795;311
795;856
795;570
796;1792
796;1602
796;1869
796;607
797;1510
798;1792
799;1539
799;555
799;1168
799;275
799;1236
799;606
800;506
800;1818
800;356
800;738
800;294
801;1867
801;219
801;443
801;1230
801;1789
802;1058
802;1268
802;1770
803;993
803;1859
803;201
803;462
803;1903
803;336
803;882
803;563
803;980
803;989
803;894
804;1064
804;1061
804;166
804;391
805;1321
805;570
805;1898
805;914
805;22
806;906
806;860
806;1174
806;494
806;263
807;1414
807;264
807;880
807;1585
807;1658
807;956
808;53
808;863
809;784
809;1597
809;1430
809;1335
810;128
810;690
810;1333
811;546
812;1547
812;164
812;997
812;1739
813;41
813;1802
813;529
814;1864
814;1642
814;1523
814;918
814;1295
815;104
815;363
815;508
815;1014
815;1087
816;1055
816;589
816;23
817;1238
817;1383
818;392
818;1880
818;62
819;737
819;1288
819;1551
819;178
819;728
819;62
820;768
820;4
820;39
820;1066
820;1067
820;1671
820;335
820;1076
820;1496
820;124
821;24
821;881
821;1431
821;1374
821;1105
822;1472
822;995
822;1092
822;750
822;112
822;182
822;1111
822;1563
822;1727
822;1086
822;31
823;1900
823;1430
823;1047
823;1816
823;1118
823;191
824;891
824;387
825;1208
825;1890
825;1084
825;101
826;1606
826;647
826;72
826;329
826;465
826;1749
826;983
826;892
826;127
827;664
827;1144
827;1177
827;1601
827;935
828;149
828;1166
828;1461
828;1046
828;575
828;1653
829;586
829;757
829;1543
830;1040
830;1331
830;1181
831;857
831;1814
831;903
832;1449
832;1253
832;54
832;159
833;1811
833;533
834;1166
834;82
834;613
834;78
835;1624
835;1393
835;1330
835;1747
836;218
836;662
836;438
836;1143
837;65
837;1703
837;78
837;560
837;501
837;1431
838;1833
838;1355
838;1268
838;1167
839;1072
839;27
840;1792
840;1509
840;748
840;693
840;566
840;702
841;1213
841;415
842;1249
842;1125
842;328
842;1456
842;1587
842;1303
842;1882
842;349
843;1905
843;1549
843;1021
843;711
844;1065
844;1509
844;173
844;1885
844;1445
845;1472
845;610
845;1031
845;652
845;1419
845;844
845;1132
846;771
846;1511
846;807
846;1039
846;886
846;953
847;1416
847;1891
847;316
847;839
848;480
848;1891
848;977
848;690
848;953
848;1883
849;527
849;146
849;1300
849;1847
849;284
849;798
850;1210
850;1331
850;965
851;1176
851;995
851;1181
852;759
852;231
853;449
853;1546
853;220
853;597
853;1601
854;608
854;1091
854;773
854;189
854;621
855;1715
855;638
856;1792
856;1602
856;1539
856;1639
856;746
856;109
856;942
856;1354
857;1887
858;1796
858;801
858;387
858;460
858;390
859;418
859;1349
859;299
859;592
859;1234
859;1557
859;409
860;1665
860;1255
860;1647
860;1233
860;1398
860;730
860;1596
861;970
861;1335
862;288
862;1026
862;1326
862;111
862;1779
862;1247
863;1409
863;1643
863;406
864;1416
864;1616
864;1524
864;310
865;1659
865;975
865;1469
865;119
866;51
866;1469
867;1056
867;1241
867;50
867;1634
867;1869
868;1877
868;1292
868;1277
868;486
868;1255
869;240
869;408
869;1506
869;1174
869;1903
870;128
870;1144
870;495
871;642
871;1572
871;830
871;62
871;1210
872;614
872;487
872;559
872;984
872;701
872;127
873;656
873;1034
873;1547
873;239
874;196
874;586
874;272
874;786
874;985
874;921
875;1665
875;1483
875;1814
876;704
876;14
876;912
876;1271
876;1816
876;345
877;1056
877;674
877;455
878;728
878;705
878;856
878;969
879;1792
879;890
879;1043
879;1270
879;63
880;1528
880;1412
880;1078
880;630
881;896
881;616
881;336
881;81
881;563
881;1332
881;1397
881;285
882;202
882;919
882;309
882;1479
882;645
883;1607
883;1655
883;1550
883;1523
883;404
883;246
883;1207
883;572
884;1114
884;1549
884;574
885;1783
885;1165
885;1894
885;1135
886;1185
886;1767
886;1387
886;381
886;542
886;1887
887;1665
887;1762
887;903
887;879
888;817
888;674
888;1563
888;1631
889;1656
889;433
889;1883
890;857
890;1108
890;213
890;1199
891;1282
891;999
891;778
891;1683
891;1492
891;119
891;724
891;1578
892;1056
892;68
892;486
892;264
892;1737
892;853
892;1366
893;635
893;1736
893;211
893;173
893;723
894;932
894;41
894;650
894;1675
894;974
894;1232
894;1138
895;368
895;17
895;1351
895;94
895;376
896;240
896;1673
896;12
896;405
896;1509
897;144
897;1411
897;1237
898;376
898;1898
898;1252
898;542
898;535
899;360
899;490
899;1732
899;1133
900;1651
900;509
900;109
900;598
900;271
901;1216
901;1026
901;99
901;683
902;586
902;845
902;272
902;532
902;25
902;810
902;255
903;33
903;1031
903;1451
903;1804
903;112
903;368
903;1074
903;1338
904;1682
904;1563
904;668
905;1018
905;90
905;372
905;149
905;1311
906;1496
906;769
906;1250
906;1467
906;1594
907;769
907;1558
907;1069
907;950
907;1017
907;633
907;314
907;796
908;1168
908;761
908;1324
908;1709
908;510
909;1112
909;793
909;1629
909;183
910;209
910;1834
910;1124
910;1678
911;560
911;1544
911;125
912;1007
913;1604
913;1871
913;722
913;1815
913;89
913;1341
914;130
914;1676
914;401
914;1620
914;1690
914;187
914;863
915;1861
915;39
915;460
915;684
915;1811
915;1046
916;1680
916;153
917;337
918;609
918;1506
918;1699
918;997
918;998
918;659
918;1304
918;794
919;294
919;422
919;518
919;116
919;826
919;1275
919;319
920;1378
920;967
920;874
920;1159
920;622
920;51
920;14
920;1055
921;1797
921;401
921;1461
921;1815
921;1816
921;1212
921;1629
921;575
922;760
922;1342
922;1068
922;1102
922;182
923;709
923;1613
923;788
923;1045
923;1893
923;1876
923;409
923;1791
924;1417
924;1266
924;1126
924;55
925;1872
925;813
925;1670
926;675
927;1536
927;1345
927;356
927;1556
928;417
928;1251
928;1061
928;1383
928;1705
928;371
929;536
929;815
929;479
930;1242
930;1027
930;1309
930;1711
931;1270
931;379
931;782
931;707
931;1311
932;459
932;1828
932;1830
933;196
933;906
933;812
933;1779
933;1524
933;126
934;488
934;1482
934;1555
934;1054
934;1599
935;512
935;417
935;1195
935;1260
935;1807
935;1488
935;1234
935;820
936;146
936;1447
936;1162
936;1054
936;239
937;1338
937;1295
937;452
937;751
938;520
938;305
938;942
939;1606
939;1868
939;463
939;880
939;1042
939;1109
939;378
939;1214
939;383
940;544
940;1331
940;1499
941;1848
941;1451
941;1420
941;1198
942;1111
942;1390
942;1087
943;1312
943;1081
943;925
943;1241
944;321
944;1639
944;1084
944;1740
944;1711
944;156
945;977
945;1122
945;1539
945;967
946;1201
946;1370
946;1569
947;152
947;65
947;257
948;392
948;1559
948;1451
948;496
948;1587
948;533
948;1399
948;1150
949;1810
949;483
949;1732
949;1557
949;1351
950;528
950;1488
950;66
951;17
951;1262
951;319
952;609
952;1491
952;1110
952;1305
953;808
953;1354
953;1068
953;1785
953;415
953;637
953;1119
954;1132
954;1757
954;1110
954;1886
955;753
955;1690
955;1675
955;708
955;685
956;723
956;1787
957;1062
958;1701
959;1450
959;796
959;885
959;686
959;247
960;529
960;12
960;853
960;1401
961;1834
961;1515
961;1470
961;1358
961;1519
962;282
962;396
962;1565
962;1743
963;1857
963;771
963;933
963;809
963;881
963;828
964;1016
964;251
965;1377
965;1759
965;1709
965;1711
966;922
967;981
968;603
968;1397
968;1478
968;1011
969;1456
970;1600
970;289
970;1378
970;904
970;1226
970;1899
970;1391
970;1626
970;143
971;832
971;211
971;1435
971;943
972;400
972;1824
972;963
972;269
973;897
973;130
973;809
973;14
973;848
973;81
973;1655
973;794
973;925
973;1023
974;864
975;529
975;1050
975;205
975;801
976;1200
976;1097
976;1336
976;838
976;1113
977;936
977;329
977;19
977;1238
977;1463
977;221
977;1342
978;992
978;1057
978;1348
978;1377
978;1096
978;429
978;1005
979;116
979;1686
980;1001
980;524
980;935
981;1132
982;1839
982;1055
983;897
983;1631
983;948
983;1828
983;135
984;1664
984;1012
984;229
984;326
984;1101
986;186
986;219
986;1886
986;103
987;507
987;94
988;1358
988;657
988;1294
988;149
988;1661
988;1790
988;479
989;1001
989;1764
989;726
989;1575
990;963
990;1157
990;1062
990;1767
990;617
990;1520
990;1046
990;859
991;664
991;322
991;444
991;1725
991;1727
992;1648
992;1620
992;1557
992;1742
992;655
993;984
993;1516
993;1379
993;644
994;832
994;993
994;995
994;1797
994;1607
994;904
994;844
994;1839
994;120
994;57
994;1115
995;433
995;1036
996;712
996;763
996;1509
996;7
997;154
997;283
997;282
997;1758
997;1669
998;449
998;296
998;331
998;1182
998;62
998;702
999;609
999;887
999;140
999;1199
999;207
999;1361
999;313
999;921
999;1135
999;1245
999;1087
1000;801
1000;101
1000;1729
1000;686
1000;85
1000;1018
1001;1030
1001;1703
1001;1865
1001;398
1001;110
1001;636
1002;753
1002;308
1002;1817
1002;1751
1003;305
1003;770
1003;994
1003;1894
1003;1153
1004;75
1004;1092
1004;555
1004;78
1004;245
1004;950
1004;1085
1005;1542
1005;45
1005;400
1005;1685
1005;927
1005;1375
1006;1221
1006;455
1007;649
1007;651
1007;1841
1007;1364
1007;1816
1007;889
1007;798
1008;992
1008;515
1008;1348
1008;934
1008;104
1008;204
1008;1197
1008;1392
1008;1810
1008;697
1009;1317
1009;200
1009;1513
1009;751
1009;248
1009;495
1010;832
1010;1604
1010;844
1010;1565
1010;111
1011;1176
1011;281
1011;1429
1012;1443
1012;795
1012;1124
1012;1037
1013;516
1013;197
1013;390
1013;807
1013;465
1013;562
1013;1526
1013;1791
1013;1503
1014;107
1014;1631
1014;27
1014;1630
1014;471
1015;1754
1015;979
1015;908
1015;1439
1016;301
1016;1365
1017;416
1017;640
1017;678
1017;935
1017;1168
1017;1598
1017;1566
1018;192
1018;977
1018;1618
1018;229
1018;1033
1019;1139
1019;363
1019;1573
1020;1526
1020;1705
1020;1109
1020;1022
1020;1245
1021;1135
1021;516
1021;1606
1021;846
1021;671
1022;72
1022;747
1022;1781
1022;118
1022;1143
1022;247
1023;1110
1023;520
1023;140
1023;1102
1023;1782
1023;1823
1024;1548
1024;746
1024;1642
1024;980
1024;189
1025;440
1025;928
1025;467
1025;420
1025;981
1026;1003
1026;1628
1026;1717
1026;1286
1026;1259
1027;1508
1027;541
1027;350
1027;725
1028;1249
1028;626
1028;1683
1029;998
1029;854
1030;376
1030;402
1030;1683
1030;1551
1031;1186
1031;935
1031;125
1031;693
1032;1536
1032;1115
1032;883
1032;1254
1032;774
1033;936
1033;1112
1033;1114
1033;527
1034;1423
1034;1598
1034;743
1035;1556
1035;46
1035;239
1036;1315
1036;1732
1036;869
1036;1159
1036;551
1036;523
1036;1681
1036;27
1037;425
1038;875
1038;667
1038;716
1039;745
1039;1245
1039;229
1039;985
1040;816
1040;329
1040;1747
1040;583
1041;800
1041;1447
1041;243
1041;589
1041;439
1042;1817
1042;794
1043;449
1043;490
1043;1555
1043;308
1043;1774
1044;225
1044;458
1044;588
1044;1272
1044;914
1044;344
1045;1448
1045;833
1045;98
1045;841
1046;1890
1046;872
1046;727
1046;1744
1046;1105
1046;823
1046;825
1046;378
1046;830
1047;1106
1047;1243
1048;1808
1048;603
1049;177
1049;362
1049;379
1049;919
1049;393
1050;752
1050;25
1050;836
1050;1390
1050;985
1051;1676
1051;1587
1051;292
1051;1021
1052;1323
1052;1165
1052;1613
1052;1543
1053;480
1053;859
1053;413
1053;1487
1053;693
1054;732
1054;238
1055;368
1055;257
1055;1174
1055;878
1055;1325
1056;1734
1056;1574
1056;263
1056;392
1056;1705
1056;1558
1056;799
1057;256
1057;367
1057;1458
1057;52
1057;1653
1057;1785
1057;1045
1058;1635
1058;1003
1058;113
1058;1013
1058;247
1058;1529
1058;1691
1059;424
1059;1212
1059;407
1059;1745
1059;1591
1059;1244
1060;800
1060;903
1060;188
1060;1706
1060;1489
1060;984
1060;1785
1060;1212
1061;664
1061;242
1061;1818
1061;285
1061;1606
1062;386
1062;429
1063;992
1063;1567
1063;383
1063;271
1064;1873
1064;265
1064;1137
1064;1620
1064;62
1064;538
1064;798
1065;160
1065;33
1065;488
1065;1845
1065;886
1065;250
1065;222
1066;803
1066;807
1066;150
1066;825
1066;410
1066;1052
1066;157
1066;1342
1067;856
1067;244
1067;1795
1067;188
1068;1625
1068;234
1068;1107
1068;1261
1069;1001
1069;977
1069;483
1069;588
1069;995
1070;1
1070;699
1070;1125
1070;827
1071;1638
1071;1575
1071;202
1071;1390
1071;116
1071;501
1071;981
1072;4
1072;1510
1072;1111
1073;449
1073;1643
1073;1862
1073;550
1073;1121
1074;1208
1074;89
1075;320
1075;1782
1075;326
1075;1778
1075;1046
1075;1271
1075;1626
1076;915
1076;1244
1076;39
1077;976
1077;650
1077;1191
1077;612
1077;167
1078;1252
1078;783
1078;850
1078;499
1078;789
1078;1305
1078;729
1078;949
1079;339
1079;741
1079;550
1079;663
1080;913
1080;186
1080;1260
1080;746
1080;791
1081;1376
1081;1856
1081;1254
1081;424
1081;555
1081;983
1081;1631
1082;1494
1082;2
1082;1402
1082;1094
1082;1543
1083;552
1083;1508
1083;740
1084;6
1084;103
1084;1288
1084;1771
1084;496
1084;1308
1085;1336
1085;1880
1085;83
1085;423
1086;313
1086;1241
1086;1265
1086;255
1087;1760
1087;37
1087;49
1087;434
1087;1400
1087;1085
1087;1823
1089;328
1089;1417
1089;1706
1089;555
1089;1586
1089;338
1089;1770
1090;473
1090;126
1090;1407
1091;1492
1091;619
1091;620
1091;1325
1091;1785
1092;1697
1092;708
1092;243
1092;75
1092;435
1092;1429
1092;132
1092;59
1093;520
1094;1719
1094;1586
1094;511
1094;405
1094;461
1095;1352
1095;1789
1095;647
1096;1904
1097;1544
1097;945
1097;1349
1097;1270
1097;1678
1098;818
1098;1659
1098;1543
1099;1192
1099;524
1099;1485
1099;560
1099;1301
1099;759
1099;1240
1099;1177
1099;379
1100;272
1100;891
1100;700
1100;1270
1100;430
1101;1008
1101;682
1101;1559
1101;1202
1101;607
1102;1120
1102;1762
1103;1280
1103;1602
1103;10
1103;911
1103;1331
1103;1397
1103;821
1104;1858
1104;105
1104;394
1104;1867
1104;1391
1104;347
1104;125
1104;895
1105;96
1105;1100
1105;1550
1105;529
1105;659
1105;1208
1106;1441
1106;1171
1106;549
1106;1741
1107;1632
1107;650
1107;685
1107;1189
1108;1232
1108;657
1108;395
1108;1630
1109;964
1109;1643
1109;1901
1109;467
1109;215
1109;312
1110;371
1110;1486
1110;1062
1111;1728
1111;1028
1111;422
1111;843
1111;13
1111;311
1111;507
1111;223
1112;1384
1112;268
1112;605
1112;950
1112;1565
1112;1439
1113;1056
1113;1548
1113;493
1113;1455
1113;1080
1113;661
1113;376
1113;601
1113;381
1114;1456
1114;1609
1114;618
1114;771
1114;758
1115;305
1115;110
1115;62
1116;1114
1116;269
1116;1606
1116;349
1117;296
1117;1650
1117;1709
1118;456
1118;556
1118;846
1118;751
1118;1179
1118;573
1118;1758
1119;1705
1119;1815
1119;1292
1119;349
1119;1573
1120;519
1120;327
1120;946
1120;84
1120;1174
1120;154
1120;444
1121;1805
1121;886
1122;1144
1122;298
1122;453
1123;360
1123;1657
1123;1821
1123;1639
1124;1029
1124;1190
1125;74
1125;989
1126;352
1126;33
1126;1189
1126;1260
1126;1486
1126;1043
1126;218
1126;475
1126;220
1126;1534
1127;667
1127;1462
1127;1463
1128;896
1128;1842
1128;5
1128;486
1128;397
1129;1283
1129;1585
1129;241
1129;1394
1129;692
1129;510
1130;1466
1130;1612
1131;608
1131;780
1131;507
1131;660
1131;55
1132;97
1132;2
1132;1313
1132;1622
1132;1274
1132;412
1133;626
1133;1562
1133;1074
1133;1615
1134;1553
1134;1289
1134;620
1134;689
1134;1045
1134;573
1135;184
1135;312
1135;940
1135;1031
1136;164
1136;1271
1137;1828
1137;998
1137;1321
1137;1450
1137;171
1137;1684
1137;85
1137;1145
1137;573
1138;1160
1138;66
1138;1468
1139;1437
1139;431
1140;1601
1140;330
1140;1573
1140;1583
1141;312
1141;580
1141;607
1141;540
1141;431
1142;291
1142;1521
1142;1615
1142;913
1142;1720
1142;1371
1143;1787
1143;1483
1143;238
1143;975
1143;1779
1143;719
1143;446
1144;648
1144;1816
1144;208
1144;952
1144;280
1144;1145
1144;157
1145;483
1145;1842
1145;1390
1145;80
1145;1298
1145;628
1145;1557
1145;538
1146;487
1146;41
1146;76
1146;213
1146;954
1146;892
1146;1535
1147;1359
1147;1319
1147;431
1148;1046
1148;1575
1148;734
1148;550
1148;407
1149;449
1149;1575
1149;1577
1149;565
1149;1271
1149;378
1149;1055
1150;1600
1150;1213
1151;955
1151;1510
1152;0
1152;1203
1152;869
1153;1072
1153;628
1153;1364
1153;1237
1153;1081
1153;1850
1154;96
1154;175
1155;438
1155;266
1155;1431
1155;1520
1155;1841
1155;339
1155;1430
1155;755
1155;1706
1155;926
1156;1856
1156;962
1156;803
1156;1609
1156;683
1156;821
1157;1643
1157;1635
1157;1469
1158;1878
1158;1612
1158;941
1158;198
1158;1726
1159;162
1159;1767
1159;744
1159;1578
1159;1836
1159;1037
1159;760
1160;138
1160;1498
1161;514
1161;1221
1161;552
1161;617
1161;587
1161;1837
1161;1256
1161;1106
1161;887
1161;1372
1161;1214
1162;1120
1162;753
1162;1486
1162;806
1162;863
1163;34
1163;1029
1163;1214
1164;1768
1165;131
1165;681
1165;718
1165;567
1165;1338
1165;1020
1165;381
1166;18
1167;105
1167;914
1168;1852
1168;1362
1168;412
1169;643
1169;1572
1169;1317
1169;1725
1169;592
1169;401
1169;1871
1169;1756
1169;1181
1170;1171
1170;980
1170;1462
1171;1126
1171;679
1171;425
1171;364
1171;1136
1171;242
1172;1409
1172;549
1172;1070
1172;830
1172;958
1172;255
1174;642
1174;966
1174;104
1174;1232
1174;136
1174;850
1174;1619
1174;56
1174;633
1174;316
1174;1085
1175;608
1175;1865
1175;1876
1175;684
1175;910
1176;258
1176;362
1176;85
1177;344
1177;593
1177;1416
1177;695
1178;1123
1178;1541
1178;1545
1178;492
1178;848
1178;1747
1179;2
1179;1340
1180;77
1180;1182
1180;709
1181;929
1181;166
1181;364
1181;117
1181;472
1181;126
1182;1828
1182;142
1182;782
1182;303
1182;1361
1182;469
1182;1783
1182;1144
1182;1681
1182;1820
1182;925
1183;227
1183;1801
1183;590
1183;533
1183;150
1183;728
1183;989
1183;511
1184;449
1184;1491
1184;1109
1184;87
1184;569
1184;1564
1185;1152
1185;1315
1186;1519
1186;1399
1187;569
1188;18
1188;461
1189;340
1189;1714
1189;1767
1189;244
1189;1409
1190;1027
1190;1718
1190;1446
1190;310
1190;441
1190;1499
1191;1444
1191;172
1191;1198
1191;1745
1191;1299
1191;187
1192;1664
1192;1609
1192;1711
1192;1639
1193;1312
1193;1631
1193;71
1194;1558
1195;1834
1195;983
1196;240
1196;1322
1196;1053
1196;1682
1196;1333
1197;1345
1197;947
1197;1709
1197;263
1198;1248
1198;1280
1198;899
1198;1292
1198;729
1198;986
1198;1790
1198;927
1199;1465
1199;186
1199;1100
1199;101
1200;170
1200;1614
1200;1556
1200;1016
1200;1306
1200;1738
1201;1771
1201;774
1202;1790
1203;1568
1203;747
1203;932
1203;1670
1203;905
1203;459
1203;1772
1203;434
1203;52
1203;1449
1203;441
1204;177
1205;34
1205;228
1205;263
1205;1516
1205;688
1205;157
1206;226
1206;1382
1206;267
1206;653
1206;783
1206;693
1207;1321
1207;443
1207;1868
1207;238
1208;138
1208;1867
1208;1468
1208;623
1209;1426
1209;587
1209;197
1209;87
1210;196
1210;766
1211;8
1211;9
1211;334
1211;552
1211;662
1211;521
1211;1689
1213;1051
1213;707
1213;445
1214;546
1214;1574
1214;1833
1214;1258
1214;1395
1214;1269
1215;449
1215;1185
1215;1128
1215;1383
1215;688
1215;120
1215;1084
1216;273
1216;332
1216;270
1216;839
1217;1560
1217;1195
1217;1159
1218;66
1218;1126
1218;558
1218;1679
1218;432
1218;1625
1218;990
1219;211
1219;229
1219;789
1220;1577
1221;629
1221;1413
1222;1626
1222;147
1222;1783
1223;336
1223;131
1223;1686
1223;195
1223;1523
1224;122
1224;1627
1225;1881
1225;991
1226;761
1226;731
1227;26
1227;628
1227;997
1227;1359
1228;1819
1228;213
1229;1090
1229;296
1229;1506
1229;342
1229;1848
1229;1084
1230;1281
1230;451
1230;1544
1230;650
1230;491
1230;81
1230;660
1230;405
1230;1438
1231;484
1231;5
1231;1839
1231;533
1231;228
1231;958
1232;1760
1232;1075
1232;356
1232;9
1232;211
1232;857
1232;1563
1233;291
1233;996
1233;134
1233;1644
1233;1653
1233;759
1234;728
1234;349
1234;462
1235;1056
1235;738
1235;131
1235;809
1235;1713
1235;1210
1235;1663
1236;992
1236;1705
1236;754
1236;1700
1236;1642
1237;1059
1237;1131
1237;1327
1237;1755
1237;1438
1237;31
1238;1361
1238;789
1238;1601
1238;687
1239;896
1239;1888
1239;1666
1239;1251
1239;1068
1239;1838
1239;562
1239;605
1240;613
1240;45
1240;1649
1240;1459
1240;277
1240;855
1240;1886
1241;1841
1241;382
1242;312
1242;1534
1242;526
1242;663
1243;1520
1243;423
1243;200
1243;489
1243;1264
1243;627
1243;439
1243;988
1243;125
1244;1002
1244;1603
1245;1369
1245;1465
1246;1382
1246;75
1246;1645
1246;150
1246;1055
1246;1791
1247;1218
1247;987
1247;1236
1247;1742
1248;562
1248;1883
1249;35
1249;1350
1249;952
1249;985
1249;572
1249;1437
1250;939
1250;587
1250;197
1251;969
1251;1394
1251;109
1251;1677
1252;1836
1252;1082
1252;1538
1252;5
1253;288
1253;1802
1253;285
1253;86
1254;1752
1254;1059
1254;196
1255;1633
1255;771
1255;905
1255;1130
1255;1495
1255;721
1255;1111
1255;1528
1255;1149
1255;1502
1256;1238
1256;436
1256;301
1256;1206
1256;1157
1257;627
1257;264
1257;82
1257;1075
1257;1178
1257;1338
1258;1773
1258;1086
1259;552
1259;1876
1259;389
1259;662
1260;1823
1260;1479
1260;1596
1260;270
1260;847
1261;1504
1261;737
1261;69
1261;1191
1261;1296
1261;592
1261;1774
1261;1125
1262;1537
1262;714
1262;1517
1262;1810
1262;595
1262;344
1263;872
1263;1083
1264;972
1264;1485
1264;943
1265;1377
1265;803
1265;1191
1265;1579
1265;880
1265;372
1265;1081
1265;762
1265;1899
1266;1754
1266;1747
1266;892
1266;1717
1267;1044
1268;1864
1268;1651
1268;1594
1268;987
1268;95
1269;469
1270;330
1270;684
1271;1479
1271;399
1271;819
1271;1590
1271;1752
1271;122
1272;694
1272;1545
1272;1834
1272;620
1272;1366
1272;1175
1272;1881
1272;319
1273;8
1273;490
1274;1297
1274;1603
1274;1717
1274;446
1275;1888
1275;1761
1275;1188
1275;261
1275;1672
1275;1900
1275;622
1275;562
1275;1306
1275;314
1276;460
1276;877
1277;1065
1277;810
1277;1191
1278;1050
1278;1277
1279;1472
1279;330
1279;75
1279;846
1279;852
1279;632
1279;58
1279;1342
1280;234
1280;812
1280;1037
1280;1038
1280;46
1280;1663
1281;567
1281;590
1281;1171
1281;985
1281;505
1281;1149
1282;1760
1282;387
1282;1895
1282;1045
1282;697
1282;1531
1283;144
1283;66
1283;1717
1283;662
1283;935
1284;1768
1284;1252
1284;779
1284;940
1284;1361
1285;1057
1285;1547
1287;1442
1287;1031
1287;872
1287;679
1287;909
1287;333
1287;798
1288;457
1288;332
1288;1169
1288;521
1288;1310
1288;1311
1289;1768
1289;803
1289;1783
1290;1220
1290;254
1290;1428
1290;1365
1290;1182
1290;799
1291;8
1291;96
1291;927
1291;428
1291;857
1292;672
1292;102
1292;742
1292;203
1292;1271
1292;252
1292;1342
1293;1508
1293;453
1293;614
1293;586
1293;1586
1293;339
1293;21
1293;630
1293;842
1293;1701
1294;922
1295;1832
1295;1659
1295;1503
1295;1357
1295;23
1296;1360
1296;1480
1296;1119
1297;1226
1297;1275
1298;1032
1298;1356
1298;1741
1298;591
1298;1848
1298;412
1299;1075
1299;1191
1299;807
1300;1400
1300;1122
1300;13
1300;518
1301;1413
1301;390
1301;839
1301;1833
1301;622
1301;1335
1302;1509
1302;1609
1302;403
1302;533
1302;407
1302;889
1304;1570
1304;1631
1305;387
1305;906
1305;1165
1305;1421
1305;819
1305;60
1305;1613
1306;1682
1306;995
1307;1816
1307;291
1308;868
1308;1735
1308;1003
1308;1100
1308;910
1308;175
1308;206
1308;470
1308;1135
1309;745
1309;515
1309;557
1309;1847
1310;1441
1310;98
1310;1329
1310;1740
1310;1073
1310;250
1311;1444
1311;810
1311;1580
1311;589
1311;185
1311;1658
1311;540
1312;1083
1312;1059
1313;482
1313;106
1313;1004
1313;237
1313;334
1313;1075
1313;927
1314;594
1314;771
1314;132
1314;574
1314;711
1315;784
1315;920
1315;1426
1315;1895
1315;1737
1316;1859
1316;1021
1316;1652
1316;749
1316;607
1317;1671
1317;648
1317;587
1317;1228
1317;1551
1317;209
1317;182
1317;1560
1317;922
1317;767
1318;629
1318;1014
1318;1206
1319;33
1319;993
1319;1805
1319;975
1319;1206
1319;1117
1320;1091
1320;324
1320;1735
1320;1160
1320;713
1320;908
1320;1229
1320;1523
1320;728
1320;1343
1321;1379
1321;1222
1321;823
1322;1819
1322;1172
1323;249
1323;1555
1323;1452
1323;445
1324;1459
1324;1317
1324;767
1325;356
1325;549
1325;583
1325;1129
1325;19
1325;1017
1325;964
1325;862
1325;927
1326;258
1326;771
1326;1865
1326;1708
1326;1762
1326;885
1326;1462
1326;1719
1326;829
1327;162
1327;644
1327;1126
1327;459
1327;341
1327;854
1327;1333
1328;832
1328;201
1328;506
1328;427
1328;1151
1329;56
1329;201
1329;1106
1329;760
1329;735
1330;1571
1330;548
1330;1286
1330;264
1330;1302
1330;859
1331;288
1331;568
1331;938
1331;308
1331;1554
1332;1489
1332;1745
1333;1280
1333;585
1333;163
1334;9
1334;1747
1336;768
1336;1057
1336;1863
1336;424
1336;105
1336;591
1336;569
1337;1547
1337;290
1337;635
1337;463
1338;1034
1339;1848
1339;972
1339;1477
1339;1350
1340;1187
1340;1388
1340;718
1340;752
1340;1012
1340;1749
1340;989
1341;1576
1341;1841
1341;1386
1341;243
1342;203
1342;1427
1342;1187
1343;257
1343;1099
1343;1487
1343;853
1343;311
1343;1179
1343;511
1344;371
1344;243
1344;1667
1344;951
1344;439
1345;291
1345;70
1345;266
1345;876
1345;1585
1345;1462
1346;304
1346;659
1346;109
1347;41
1347;34
1347;1003
1347;1197
1347;558
1348;736
1348;60
1348;1511
1349;864
1349;586
1349;1380
1349;1062
1349;1743
1350;1577
1351;1800
1351;1332
1351;506
1351;347
1351;684
1352;241
1352;999
1352;1348
1352;246
1352;7
1353;161
1353;616
1353;714
1353;1740
1353;657
1353;1683
1353;253
1354;344
1354;744
1354;1274
1354;1039
1355;561
1355;866
1355;1785
1355;885
1355;1773
1356;1378
1356;44
1356;877
1356;1838
1356;980
1356;278
1356;472
1356;20
1356;1819
1357;768
1357;776
1357;1453
1358;924
1358;1226
1358;459
1358;812
1358;405
1359;1795
1359;1252
1359;1384
1359;1485
1359;815
1359;53
1359;1188
1360;755
1360;1748
1360;453
1361;241
1361;178
1361;563
1361;194
1361;1558
1362;832
1362;827
1362;1828
1362;1263
1362;372
1362;1590
1362;1655
1362;1051
1362;61
1363;704
1363;1571
1363;1491
1363;1085
1363;463
1364;1130
1364;1286
1364;1863
1365;842
1365;990
1366;768
1366;832
1366;172
1366;110
1366;944
1366;1279
1367;1778
1367;1698
1367;1751
1367;621
1367;1069
1368;384
1368;1088
1368;1126
1368;519
1368;593
1368;52
1369;262
1369;519
1369;527
1369;405
1369;215
1369;1562
1369;1563
1370;1488
1370;210
1370;1587
1370;1086
1371;1265
1371;725
1371;1390
1372;1120
1372;614
1372;488
1372;206
1372;788
1372;1845
1372;280
1373;1688
1373;522
1373;1279
1373;1263
1374;1088
1374;393
1374;1547
1374;1037
1374;753
1375;291
1375;390
1375;1804
1375;1610
1375;1612
1375;1072
1375;433
1375;500
1376;257
1376;1315
1376;1281
1376;585
1377;81
1377;1233
1377;10
1377;368
1377;17
1377;664
1378;1890
1378;166
1378;1674
1378;1138
1378;150
1378;1655
1378;1276
1378;287
1379;1712
1379;1625
1379;482
1379;986
1380;292
1381;281
1381;1550
1381;1054
1381;1685
1382;641
1382;1026
1382;1061
1382;1768
1382;297
1382;1098
1382;1900
1383;26
1383;820
1383;378
1383;350
1383;719
1384;705
1384;1414
1384;1546
1384;684
1384;1589
1384;572
1384;1821
1385;1057
1385;835
1385;1062
1385;1514
1385;593
1385;599
1385;60
1386;1314
1386;1227
1386;1810
1386;742
1386;807
1386;41
1386;455
1386;1229
1386;1042
1386;1321
1386;954
1387;256
1387;1049
1387;106
1387;1027
1387;949
1388;1425
1388;905
1388;83
1388;163
1388;1143
1389;1768
1389;1299
1389;1439
1390;209
1390;1006
1391;1400
1391;1193
1391;1338
1391;419
1391;1519
1392;41
1392;1745
1392;1364
1392;279
1392;532
1392;862
1393;761
1393;1660
1393;655
1394;553
1394;459
1394;1628
1394;1013
1394;1185
1395;9
1395;1819
1396;928
1396;1275
1396;709
1396;15
1396;1205
1396;1787
1397;64
1397;1223
1397;425
1397;1580
1397;913
1397;1343
1398;970
1398;317
1398;1022
1399;352
1399;609
1399;1575
1399;393
1399;556
1399;845
1399;691
1400;1888
1400;1305
1401;842
1401;1259
1401;1603
1401;261
1401;1199
1402;258
1402;779
1402;1102
1402;1679
1402;756
1402;1367
1403;260
1403;815
1403;888
1403;1080
1403;728
1403;175
1404;742
1404;807
1404;1448
1404;1391
1404;1041
1404;275
1404;760
1405;1520
1405;217
1405;203
1405;1726
1406;649
1406;942
1406;1552
1406;1720
1406;1208
1406;570
1406;668
1407;11
1407;1549
1407;1310
1408;192
1408;1248
1408;521
1408;1325
1408;1393
1408;658
1408;1204
1408;1622
1408;1023
1409;1585
1409;1659
1409;668
1409;501
1409;798
1410;64
1410;435
1410;1695
1411;216
1411;1482
1411;821
1412;1522
1412;334
1412;711
1413;680
1413;737
1413;507
1413;484
1414;899
1414;1741
1414;1263
1414;1458
1414;1370
1414;830
1415;1121
1415;1219
1415;965
1415;870
1415;1511
1415;1609
1415;173
1415;1392
1415;369
1415;1308
1415;703
1416;184
1416;1505
1416;290
1416;700
1416;986
1417;1897
1417;194
1417;382
1417;1655
1418;1248
1418;1381
1418;1101
1418;1140
1418;566
1418;727
1418;58
1418;158
1418;1637
1419;389
1419;1685
1419;237
1419;319
1420;963
1420;965
1420;142
1420;991
1421;568
1421;1784
1421;870
1422;391
1422;971
1422;1166
1422;208
1422;1268
1422;1685
1422;1432
1422;249
1422;862
1424;678
1424;838
1424;206
1424;693
1424;1080
1424;1017
1424;703
1425;1496
1425;1754
1425;11
1425;541
1426;1261
1426;1453
1426;370
1426;1203
1426;1430
1426;568
1426;316
1426;1342
1427;161
1427;1243
1427;807
1427;816
1427;1238
1427;475
1428;327
1428;1354
1428;11
1428;537
1428;1083
1428;1759
1428;1119
1429;937
1429;302
1430;1123
1430;1732
1430;1902
1431;704
1431;707
1431;588
1431;334
1431;1203
1431;1814
1431;1274
1432;488
1432;514
1432;1364
1432;1146
1433;1504
1433;1747
1433;1308
1434;346
1434;939
1434;150
1435;424
1436;640
1436;1184
1436;66
1436;523
1436;1772
1436;1654
1437;290
1437;498
1437;1166
1437;1245
1438;1610
1438;3
1439;1056
1439;1764
1439;135
1439;1034
1439;1268
1439;734
1440;1444
1440;1318
1440;1545
1440;821
1440;987
1440;1245
1441;0
1441;41
1441;1850
1441;87
1442;1409
1442;1386
1442;676
1442;1521
1443;965
1443;1702
1443;1799
1443;209
1443;1883
1443;894
1444;1260
1444;1806
1444;1711
1444;176
1444;1656
1444;1437
1445;1376
1445;1825
1445;1508
1445;775
1445;680
1445;1811
1446;1570
1446;1835
1446;493
1447;999
1447;618
1447;463
1447;1310
1447;1302
1447;248
1447;1657
1447;1834
1447;1214
1448;430
1449;228
1449;393
1449;1803
1449;1581
1449;1682
1449;507
1450;1843
1450;626
1450;1586
1450;1100
1450;1498
1451;1034
1451;267
1451;1103
1452;168
1452;740
1452;434
1452;316
1452;1191
1453;1682
1453;419
1453;1125
1453;1245
1454;1290
1455;1192
1455;1560
1455;131
1455;1228
1455;1103
1456;1284
1456;1477
1456;8
1456;686
1456;431
1456;1768
1456;853
1456;1494
1456;1147
1456;1852
1456;373
1457;1540
1457;1129
1457;812
1457;53
1457;1045
1457;1503
1458;345
1458;1554
1458;1172
1458;1602
1459;930
1459;1411
1459;1317
1459;1031
1459;77
1459;623
1459;1694
1459;837
1460;416
1460;1476
1460;905
1460;1604
1460;1526
1460;25
1460;446
1461;490
1461;12
1461;1610
1462;705
1462;1451
1462;733
1463;19
1463;387
1464;869
1464;1614
1464;431
1464;1490
1464;404
1464;1881
1464;635
1465;1195
1465;1246
1466;772
1466;388
1466;1181
1466;303
1467;284
1467;1565
1467;94
1468;1184
1468;513
1468;1263
1468;1168
1468;821
1468;249
1468;446
1469;210
1469;1781
1469;1330
1469;903
1470;608
1470;1688
1470;706
1470;596
1470;85
1471;1337
1471;610
1471;1259
1471;1487
1472;930
1472;1690
1472;982
1473;306
1473;954
1473;1678
1473;1039
1474;298
1474;402
1474;566
1475;471
1476;96
1476;67
1476;1895
1476;1447
1476;1776
1476;125
1477;1538
1477;387
1477;1575
1477;1803
1477;688
1477;1407
1477;1535
1478;1323
1478;1718
1478;854
1478;383
1479;144
1479;1184
1479;469
1479;855
1480;1349
1480;1736
1480;522
1480;334
1480;242
1480;302
1480;567
1480;831
1481;81
1481;1131
1481;716
1481;477
1482;545
1482;1703
1482;1672
1482;366
1482;1203
1482;698
1483;1184
1483;1475
1483;1295
1483;144
1483;1746
1483;1725
1484;258
1484;1639
1484;1609
1484;686
1484;302
1484;1726
1485;592
1485;1090
1485;1284
1485;605
1486;1281
1486;1698
1486;591
1486;1137
1486;633
1486;1851
1487;1720
1487;65
1487;788
1487;1286
1488;1838
1488;647
1489;104
1489;680
1489;1106
1489;500
1489;1781
1490;761
1491;99
1491;1836
1491;882
1491;915
1491;251
1491;892
1492;545
1492;1087
1492;1461
1492;1139
1492;63
1493;1376
1493;650
1493;1076
1493;1514
1493;734
1494;1273
1494;1452
1494;892
1494;1438
1495;144
1495;472
1495;1781
1496;1475
1496;742
1496;1734
1496;265
1496;879
1496;1469
1497;609
1497;1299
1497;1849
1498;1065
1498;269
1498;1110
1498;215
1499;1864
1499;1068
1499;388
1499;1461
1499;1479
1500;275
1500;699
1501;1089
1501;99
1501;1767
1501;1266
1501;1015
1501;1433
1501;1500
1501;733
1502;608
1502;1042
1502;1557
1502;1047
1503;496
1503;137
1503;343
1503;1464
1503;265
1504;356
1504;293
1504;776
1504;1741
1504;1782
1504;1719
1505;994
1505;1063
1505;1037
1505;1666
1505;1458
1505;437
1505;1398
1506;697
1506;1460
1506;1398
1506;1377
1507;1476
1507;195
1507;1324
1507;1223
1507;879
1508;963
1508;1084
1508;365
1508;382
1509;320
1509;1006
1509;127
1510;432
1510;1619
1510;967
1510;1691
1510;39
1511;1219
1511;869
1511;1891
1511;1236
1511;892
1511;573
1511;1278
1512;291
1512;358
1512;1352
1512;1616
1512;1368
1512;314
1513;1304
1513;1751
1514;114
1514;268
1514;1486
1515;1252
1515;372
1515;245
1515;1511
1516;600
1516;339
1516;900
1517;960
1517;1440
1517;722
1517;155
1517;1540
1518;1058
1518;263
1518;75
1518;396
1518;738
1518;1489
1518;378
1519;1085
1519;141
1519;975
1520;1729
1520;617
1520;1354
1520;1742
1520;529
1520;216
1521;1152
1521;1640
1521;493
1521;1200
1521;1302
1521;631
1521;1212
1522;1780
1522;259
1522;1460
1522;1839
1523;877
1523;142
1523;1492
1523;693
1523;1142
1523;1533
1523;1342
1524;280
1524;912
1524;1325
1525;896
1525;1315
1525;1449
1525;75
1525;628
1525;507
1526;202
1526;627
1526;770
1527;1188
1527;1606
1527;1542
1527;1720
1527;1142
1527;1208
1527;156
1527;1693
1528;1873
1528;178
1528;910
1528;454
1529;1072
1529;1225
1529;698
1529;1653
1529;1840
1530;1504
1531;482
1531;109
1531;688
1531;1651
1531;1268
1531;1750
1532;833
1532;520
1532;1869
1532;80
1532;49
1532;1107
1532;148
1532;953
1532;664
1532;372
1533;681
1533;1611
1533;1260
1533;111
1533;1553
1533;894
1534;1765
1534;166
1534;1575
1535;1880
1535;546
1536;739
1536;677
1536;902
1536;1607
1536;1096
1536;1649
1536;1667
1536;500
1536;1403
1536;1628
1537;1310
1537;695
1537;981
1537;638
1537;303
1538;1785
1538;290
1538;1334
1538;471
1539;480
1539;1024
1539;132
1539;1543
1539;585
1539;1171
1539;1193
1539;1178
1539;731
1539;1053
1540;1321
1540;1871
1541;64
1541;353
1541;834
1541;195
1541;454
1541;1160
1541;472
1542;1466
1542;339
1542;1540
1542;1534
1543;1473
1543;469
1543;1014
1543;1496
1543;1563
1543;949
1544;226
1544;1837
1545;385
1545;1665
1545;1609
1545;1710
1545;431
1545;528
1545;1724
1545;1406
1546;1121
1546;1497
1546;821
1546;1367
1547;1450
1547;148
1547;981
1547;70
1547;1151
1548;1130
1548;717
1549;1760
1549;1857
1549;1831
1549;1175
1550;1619
1550;774
1550;238
1550;1151
1551;834
1551;115
1551;1791
1551;375
1552;673
1552;1252
1552;1483
1552;785
1552;1813
1552;1270
1552;158
1553;992
1553;1889
1553;730
1553;1732
1553;14
1554;805
1554;845
1554;689
1554;1045
1554;572
1554;1598
1555;504
1555;1060
1555;1194
1555;956
1555;679
1556;1172
1556;1854
1556;743
1557;80
1558;889
1558;146
1558;1748
1558;326
1558;1817
1559;1676
1559;642
1559;1083
1559;732
1559;1771
1560;865
1560;1121
1560;577
1560;1448
1560;1404
1560;1002
1560;1131
1560;1363
1560;1557
1560;25
1560;540
1560;190
1561;833
1561;1062
1562;832
1562;1332
1562;1573
1562;335
1563;1826
1563;41
1563;205
1563;656
1563;724
1563;1495
1563;319
1564;1386
1564;1452
1564;1325
1564;687
1564;1232
1564;311
1564;714
1565;1837
1565;1478
1565;1453
1565;1391
1565;1367
1565;1785
1565;303
1566;1825
1566;689
1566;169
1566;1197
1566;945
1566;1236
1566;692
1567;144
1567;234
1567;789
1567;1469
1568;81
1568;459
1568;478
1569;588
1569;77
1569;1425
1569;948
1569;502
1569;759
1570;940
1570;175
1571;282
1571;1835
1571;1549
1572;1671
1572;1164
1572;1715
1572;1191
1573;1256
1573;1369
1573;1604
1573;854
1573;1903
1574;1728
1574;1506
1574;978
1574;1017
1574;1085
1574;927
1575;1879
1575;629
1575;493
1575;199
1576;1177
1576;468
1576;100
1576;1220
1576;556
1577;1168
1577;1664
1577;1116
1578;389
1578;1483
1578;844
1578;109
1578;1682
1578;155
1579;897
1579;875
1580;641
1580;1891
1580;1406
1581;232
1581;1528
1581;146
1581;1732
1581;877
1582;745
1582;1290
1582;1648
1582;1523
1582;666
1582;1215
1583;1218
1583;293
1583;1154
1583;18
1583;1812
1583;1658
1583;860
1583;645
1584;945
1584;186
1584;1497
1584;1230
1584;1009
1585;1280
1585;1003
1585;236
1586;294
1586;328
1586;45
1586;1869
1586;115
1586;116
1586;1367
1587;1740
1587;1509
1587;798
1588;1533
1588;605
1588;311
1589;552
1589;792
1590;1083
1590;1479
1591;1392
1591;1512
1591;1346
1592;954
1592;899
1592;902
1593;37
1593;1225
1593;1130
1593;1163
1593;1296
1593;151
1593;1144
1593;1370
1593;221
1594;226
1594;166
1594;1482
1594;1683
1594;1812
1594;918
1594;1560
1595;289
1595;418
1595;1672
1595;1207
1595;920
1595;383
1596;1891
1596;804
1596;199
1596;1135
1596;1332
1596;356
1596;1882
1596;1727
1597;1598
1597;746
1597;675
1597;1125
1597;462
1598;356
1599;1316
1599;38
1599;551
1599;1546
1599;1839
1599;1296
1599;915
1600;64
1600;1416
1600;719
1600;1617
1600;213
1600;190
1600;447
1601;1001
1601;851
1601;52
1601;254
1602;1328
1602;39
1602;1643
1602;1134
1602;528
1602;881
1602;1505
1602;532
1602;313
1602;1146
1603;473
1603;1604
1603;909
1604;1372
1604;1238
1605;1697
1605;1739
1605;302
1605;246
1605;1485
1606;889
1606;1649
1607;1217
1607;1165
1607;1454
1608;745
1608;59
1608;1054
1608;6
1608;1843
1609;1185
1609;1074
1609;1211
1609;1401
1609;239
1610;299
1610;1253
1610;1086
1610;1589
1611;438
1611;764
1611;559
1611;1078
1611;1660
1611;959
1612;1800
1612;1449
1612;1740
1612;1165
1612;621
1612;1683
1612;565
1612;758
1613;1449
1613;789
1614;904
1614;289
1614;1403
1614;549
1615;524
1615;268
1615;239
1616;1665
1616;243
1616;463
1616;1619
1616;1336
1616;825
1616;671
1617;1793
1617;1853
1617;430
1618;268
1619;1506
1619;1767
1619;623
1619;793
1619;218
1619;1818
1619;479
1620;1296
1620;1448
1620;675
1620;949
1620;1453
1621;1887
1621;1532
1621;1702
1621;1831
1622;514
1622;780
1622;746
1623;1280
1623;1505
1623;1770
1623;718
1624;145
1624;1599
1624;565
1624;102
1624;805
1625;163
1625;1482
1625;1899
1625;1074
1625;789
1625;1277
1626;741
1626;1388
1626;1612
1626;877
1626;407
1626;1276
1627;1563
1627;1507
1628;1696
1628;1
1628;139
1628;331
1628;1676
1628;1037
1629;1825
1629;679
1629;1266
1629;1389
1629;1714
1629;148
1629;567
1630;2
1630;364
1630;1742
1630;624
1630;183
1630;1852
1631;1827
1631;1220
1631;764
1631;41
1631;817
1631;284
1632;592
1632;800
1632;709
1633;800
1633;1241
1633;294
1633;1392
1634;452
1634;6
1634;457
1634;1612
1634;1433
1634;634
1634;539
1635;1089
1635;1802
1635;1483
1635;951
1636;168
1636;1128
1636;1298
1636;1006
1636;655
1637;65
1637;804
1637;1670
1637;334
1637;1588
1637;1307
1638;1736
1638;705
1638;1760
1638;1373
1638;1070
1639;642
1639;779
1639;644
1639;1670
1640;1827
1640;727
1640;756
1640;1145
1640;985
1640;1180
1641;1025
1641;260
1641;1798
1641;231
1641;1453
1641;691
1641;1075
1641;886
1641;954
1641;635
1641;380
1642;128
1642;163
1642;1806
1642;1717
1642;1183
1642;1823
1643;993
1643;963
1643;1140
1643;1381
1644;354
1644;68
1644;1084
1644;587
1644;1869
1644;604
1644;511
1645;1007
1645;431
1646;1585
1646;1599
1646;1598
1646;670
1646;7
1647;132
1647;405
1648;1449
1648;425
1648;683
1648;1681
1648;1801
1648;796
1649;449
1649;482
1649;545
1649;234
1649;583
1649;268
1649;1714
1649;21
1649;919
1649;1117
1650;1346
1650;1339
1650;1604
1650;1117
1650;111
1651;1072
1651;1068
1651;1518
1651;438
1652;1247
1652;733
1652;159
1653;1257
1653;1099
1653;1019
1653;156
1654;312
1654;848
1654;1866
1654;69
1654;167
1655;123
1655;748
1656;177
1656;922
1656;285
1656;673
1657;688
1657;1410
1657;894
1657;1031
1658;0
1658;898
1658;746
1658;1900
1658;208
1658;503
1658;952
1658;543
1659;1280
1659;5
1659;118
1659;919
1660;1609
1660;1427
1660;1438
1661;577
1661;676
1661;1415
1662;612
1662;358
1662;1447
1662;968
1662;1800
1662;1331
1662;603
1662;319
1663;704
1663;1607
1663;759
1663;901
1663;239
1664;264
1664;573
1664;61
1664;231
1665;1121
1665;1196
1665;1039
1665;664
1665;1302
1665;599
1665;408
1666;1536
1666;811
1666;773
1666;1493
1667;160
1667;1137
1667;562
1667;1858
1667;646
1668;1737
1668;492
1668;325
1669;701
1669;1225
1669;234
1669;381
1669;785
1669;1021
1670;169
1670;667
1670;1894
1671;481
1671;1679
1671;1366
1671;187
1671;862
1671;991
1672;950
1672;203
1672;1708
1672;334
1672;528
1672;1686
1672;284
1673;1217
1673;2
1673;581
1673;297
1673;1706
1673;1122
1673;52
1673;414
1673;575
1674;673
1674;1226
1674;49
1674;1364
1674;664
1674;1593
1675;1896
1675;1863
1675;659
1675;1467
1675;599
1676;584
1676;82
1676;590
1676;270
1676;934
1677;377
1677;178
1677;266
1678;875
1678;1849
1678;683
1678;468
1678;1406
1679;512
1679;1333
1679;1630
1680;1896
1680;298
1680;1835
1680;44
1680;781
1681;514
1681;1427
1682;502
1682;71
1683;339
1683;543
1684;1420
1684;212
1684;445
1684;254
1685;1379
1685;1092
1685;171
1685;589
1685;720
1685;1846
1685;1849
1686;657
1686;849
1687;636
1687;1750
1687;1479
1688;114
1688;1164
1688;1350
1688;246
1688;1391
1689;289
1689;723
1689;1444
1689;518
1689;335
1690;1543
1690;1646
1690;1309
1690;724
1690;793
1690;1021
1690;703
1691;36
1691;710
1691;1481
1691;1774
1691;1363
1691;794
1691;1823
1692;705
1692;1029
1692;102
1692;296
1692;1614
1692;464
1692;1806
1692;1695
1693;1824
1693;1027
1693;1324
1693;47
1693;466
1693;1011
1693;1722
1693;476
1694;1893
1694;1547
1694;1470
1694;1286
1694;71
1695;1432
1695;1489
1695;1038
1696;257
1696;922
1696;348
1696;341
1696;983
1697;984
1697;969
1697;596
1697;1022
1698;1431
1698;1036
1698;1710
1698;1606
1698;439
1699;72
1699;988
1699;30
1700;256
1700;431
1700;351
1701;656
1701;793
1701;702
1702;1792
1702;899
1702;1351
1702;1387
1702;602
1702;285
1703;338
1703;1604
1704;1120
1704;1194
1704;1484
1704;1518
1704;1273
1704;1532
1705;1752
1705;1554
1705;1491
1705;734
1706;1698
1706;867
1706;1321
1706;1260
1706;1135
1706;1363
1706;1364
1706;1007
1707;1378
1707;260
1707;775
1707;427
1707;685
1707;498
1707;213
1707;22
1707;894
1708;386
1708;1219
1708;1810
1708;1357
1709;837
1709;519
1709;1238
1709;215
1709;925
1709;62
1710;50
1710;1253
1711;1665
1711;844
1711;1621
1711;295
1712;1377
1712;1093
1712;838
1712;732
1712;1001
1712;924
1713;1200
1713;1441
1713;1594
1713;910
1714;132
1714;682
1714;461
1714;1071
1714;1393
1714;594
1715;1141
1716;1415
1716;44
1716;1078
1716;87
1717;1160
1717;1833
1717;1418
1717;1899
1718;1152
1718;1505
1718;194
1718;166
1718;1068
1718;147
1718;980
1718;1781
1719;528
1719;993
1719;290
1719;418
1719;1607
1720;1458
1720;1795
1720;1604
1720;1754
1721;420
1721;980
1721;918
1721;1336
1721;1562
1721;957
1722;51
1722;830
1722;110
1722;1175
1723;113
1723;1722
1723;230
1723;697
1724;28
1724;486
1724;390
1724;575
1725;352
1725;805
1725;205
1725;1710
1725;1683
1725;25
1725;762
1725;741
1726;81
1726;811
1727;256
1727;808
1727;330
1727;1133
1727;1044
1727;586
1728;1784
1728;1690
1728;1268
1728;1806
1728;1783
1729;672
1729;1380
1729;1606
1729;1895
1729;552
1729;1258
1729;1213
1729;254
1730;752
1730;898
1730;787
1730;149
1730;1847
1731;584
1731;1040
1731;1418
1731;1707
1731;1714
1732;616
1732;92
1733;102
1733;559
1733;404
1733;758
1733;495
1733;1822
1734;307
1734;623
1735;584
1735;1540
1735;1486
1736;859
1736;173
1736;979
1736;805
1737;1192
1737;1692
1737;66
1737;348
1737;1690
1738;97
1738;1539
1738;1502
1738;1089
1738;201
1739;1017
1739;1043
1739;1628
1739;1147
1740;1741
1740;998
1740;1359
1741;1025
1741;931
1741;996
1741;170
1741;1836
1741;465
1741;1042
1741;632
1742;357
1742;1286
1742;39
1742;362
1742;1415
1742;477
1742;657
1742;468
1742;1463
1742;90
1742;285
1743;802
1743;708
1743;1608
1743;1459
1743;1785
1743;1307
1744;1251
1744;478
1745;1643
1745;804
1745;799
1746;0
1746;1705
1746;1197
1746;1553
1746;1299
1746;822
1748;1152
1748;164
1748;200
1748;1449
1748;586
1748;220
1749;192
1749;612
1749;1132
1749;1712
1749;1715
1749;1015
1749;858
1750;1632
1750;291
1750;1822
1751;162
1751;141
1751;829
1751;215
1751;1691
1751;1213
1751;1791
1752;281
1752;711
1752;1771
1752;1903
1752;705
1753;985
1753;746
1753;339
1753;1594
1753;759
1754;75
1754;1610
1754;1451
1754;886
1754;410
1754;606
1755;456
1755;1625
1755;1855
1756;530
1756;1651
1756;1066
1756;710
1757;1247
1757;87
1758;1802
1758;557
1758;1077
1759;96
1759;881
1759;459
1759;100
1760;761
1760;138
1760;1623
1760;1652
1760;1001
1761;1097
1761;405
1762;384
1762;1408
1762;164
1762;1742
1762;1360
1762;497
1762;1394
1763;1624
1763;85
1763;1509
1764;448
1764;1644
1764;1679
1764;144
1764;1813
1764;892
1764;638
1765;1072
1765;1380
1765;777
1765;1008
1765;984
1765;218
1765;1744
1766;1176
1766;867
1766;1692
1766;789
1767;1387
1767;1257
1767;331
1767;80
1767;1397
1767;886
1767;1816
1767;1851
1768;146
1768;3
1768;716
1768;1486
1769;1284
1769;1891
1769;276
1769;237
1769;383
1770;592
1770;729
1770;1829
1770;966
1770;1799
1771;929
1771;194
1771;1644
1771;69
1772;1024
1772;1712
1772;1490
1772;1238
1772;94
1773;563
1773;475
1773;308
1774;1880
1774;27
1774;1702
1775;879
1775;1485
1775;302
1775;647
1776;611
1776;115
1776;291
1776;340
1776;1783
1776;915
1777;1177
1777;266
1777;1903
1777;828
1777;1375
1778;1403
1778;306
1778;43
1778;1012
1778;1706
1779;705
1779;835
1779;227
1780;674
1780;1237
1781;1280
1781;1824
1781;1829
1781;1768
1781;1290
1781;812
1782;1705
1782;250
1782;174
1782;719
1783;360
1783;1369
1783;1794
1783;1499
1783;191
1784;1032
1784;1600
1784;645
1784;1895
1786;1880
1786;706
1786;475
1786;855
1787;1777
1787;1572
1787;542
1788;784
1788;1384
1788;1555
1788;279
1789;1032
1789;369
1789;724
1789;1718
1789;1214
1790;1787
1790;701
1790;751
1791;1387
1791;1452
1791;1679
1791;116
1791;1178
1791;1007
1791;1786
1792;184
1793;80
1793;1900
1794;1218
1794;676
1794;866
1794;1903
1794;829
1794;898
1795;608
1795;1694
1795;1868
1795;421
1795;654
1796;1717
1796;1317
1796;685
1796;695
1797;296
1797;992
1797;1654
1798;160
1798;1266
1799;901
1799;1767
1799;1352
1799;1543
1799;724
1799;500
1800;745
1800;1697
1800;1127
1801;1312
1801;1862
1801;980
1801;1273
1801;1819
1801;1503
1802;1050
1802;516
1802;1226
1803;1804
1803;460
1803;1389
1803;693
1803;346
1803;252
1803;575
1804;485
1804;140
1804;653
1804;912
1804;180
1804;1173
1805;166
1805;1902
1805;113
1805;1625
1805;1117
1805;1759
1806;1576
1806;105
1806;1457
1806;521
1807;937
1807;10
1807;1810
1807;1689
1808;947
1808;37
1808;1558
1808;1797
1809;576
1809;1894
1809;1292
1809;114
1809;1689
1809;761
1809;317
1810;778
1810;846
1810;671
1811;996
1811;101
1811;522
1811;1069
1811;1668
1811;1715
1811;670
1811;1092
1811;862
1812;1216
1812;1722
1812;1388
1812;1725
1813;689
1814;1395
1815;1088
1815;1234
1815;1053
1815;1390
1816;1484
1816;796
1816;1157
1816;630
1817;318
1817;1079
1818;880
1818;953
1818;1416
1818;1546
1818;29
1819;513
1819;1618
1819;151
1819;153
1819;794
1819;1213
1820;368
1820;810
1820;741
1820;1861
1821;1765
1821;1224
1821;429
1821;599
1821;216
1821;1243
1821;28
1822;637
1823;529
1823;978
1824;1395
1824;349
1825;144
1825;1189
1825;1053
1825;917
1825;319
1826;1478
1826;1511
1826;1512
1826;1003
1826;949
1826;1239
1826;1147
1827;1523
1827;1108
1827;469
1827;1046
1827;821
1828;346
1828;748
1828;302
1828;70
1829;384
1829;1604
1829;228
1829;1398
1829;1700
1829;634
1830;129
1830;698
1830;253
1830;519
1831;1216
1831;257
1831;386
1831;535
1831;1464
1831;1082
1831;766
1832;417
1832;199
1832;1768
1832;814
1832;912
1832;596
1832;1689
1832;1371
1832;1692
1832;1853
1833;1056
1833;171
1833;592
1833;1777
1833;632
1833;606
1833;1695
1834;1362
1834;959
1834;996
1834;1590
1834;327
1835;1382
1835;1672
1835;1162
1835;751
1835;180
1835;1629
1836;488
1836;979
1836;526
1837;1456
1837;946
1837;1804
1837;807
1838;352
1838;952
1838;1051
1838;590
1839;685
1839;199
1840;896
1840;1003
1840;907
1840;1038
1840;1838
1840;1239
1840;1179
1841;416
1841;954
1841;326
1841;206
1842;2
1842;232
1842;201
1842;426
1842;1133
1842;1526
1842;508
1843;1425
1843;1489
1843;956
1843;1045
1843;7
1844;1063
1844;8
1844;143
1844;723
1844;630
1844;155
1845;1899
1845;854
1846;3
1846;1511
1846;177
1846;1079
1846;506
1846;254
1847;1756
1847;781
1848;440
1848;1351
1849;66
1849;515
1849;302
1849;1551
1850;1360
1850;1621
1850;390
1851;1092
1851;1429
1851;1110
1851;447
1852;707
1852;164
1852;752
1852;497
1852;1458
1852;436
1852;1366
1852;251
1852;317
1852;1887
1853;961
1853;1707
1853;908
1853;493
1853;813
1854;1183
1854;173
1854;1869
1854;693
1855;413
1855;350
1855;1421
1856;5
1857;585
1857;1282
1857;1407
1858;556
1858;687
1858;977
1858;1013
1858;1241
1858;57
1858;1439
1860;1051
1860;1282
1860;371
1860;901
1861;1216
1861;169
1861;893
1862;1571
1862;1671
1862;263
1862;1519
1862;1876
1862;1303
1862;766
1864;880
1864;791
1865;298
1865;1295
1865;943
1866;162
1866;1051
1866;1708
1866;766
1867;952
1867;202
1867;1106
1868;960
1868;513
1868;1098
1868;1836
1868;1041
1868;1341
1869;288
1869;1339
1869;1578
1869;750
1869;1301
1869;150
1869;763
1869;796
1870;869
1870;1542
1870;396
1870;1264
1870;886
1870;1689
1870;511
1870;1439
1871;1255
1871;188
1871;854
1871;999
1872;184
1872;1873
1872;758
1873;641
1873;485
1873;39
1873;1035
1873;14
1873;527
1873;1462
1874;976
1874;1529
1874;1749
1874;542
1874;1861
1875;717
1875;294
1875;733
1876;1705
1876;1234
1876;486
1877;768
1877;1497
1877;1307
1877;619
1877;885
1878;1712
1878;582
1878;302
1878;1061
1879;297
1879;1210
1879;812
1879;941
1880;1224
1880;554
1881;960
1881;1570
1881;614
1881;1164
1881;1263
1881;144
1881;58
1882;1152
1882;149
1882;1191
1883;1760
1883;1765
1883;110
1883;49
1883;541
1883;421
1884;1408
1884;1
1884;49
1884;648
1884;1500
1884;781
1884;529
1884;755
1884;281
1884;1224
1884;734
1884;1759
1885;713
1885;1343
1885;1683
1885;918
1885;937
1886;834
1886;965
1886;71
1886;1486
1886;1774
1886;1495
1886;635
1886;1567
1887;1762
1887;1411
1887;772
1887;677
1887;1865
1887;746
1887;907
1887;1592
1887;413
1889;1099
1889;283
1891;934
1891;1453
1891;1326
1891;1071
1891;699
1891;701
1892;361
1892;1127
1892;988
1892;1518
1892;895
1893;1542
1893;310
1894;1106
1894;685
1894;1350
1894;757
1895;280
1895;330
1895;908
1896;427
1896;1803
1896;781
1896;1750
1896;539
1896;1055
1897;513
1897;707
1897;1729
1897;429
1897;1517
1897;1749
1897;87
1898;433
1898;242
1898;675
1898;1859
1898;753
1899;758
1899;550
1899;1591
1900;113
1900;1734
1900;1462
1900;969
1901;752
1901;137
1901;410
1901;866
1901;967
1902;134
1902;1382
1902;719
1902;1780
1902;564
1902;957
1903;1243
1904;313
1904;642
1904;579
1904;972
1904;77
1905;8
1905;512
1905;720
1905;829
1905;663
1906;616
1906;1015
1906;31
1907;1885
1907;944
1907;1074
1907;627
1907;277
1907;1720
1907;921
1907;381
1907;1726
