0;128
0;55
0;356
0;158
0;7
1;0
1;8
1;45
1;113
2;0
2;1
2;154
3;0
3;1
3;2
3;135
3;73
4;0
4;1
4;2
4;3
4;5
5;9
6;0
6;1
6;2
6;3
6;4
6;5
8;98
9;46
10;0
10;1
10;2
11;8
11;40
11;19
12;0
12;1
12;8
12;7
13;9
14;0
14;1
14;8
14;11
14;344
14;62
15;0
15;1
15;2
15;3
16;9
17;9
17;35
17;29
18;0
18;1
18;2
18;7
19;516
20;9
20;5
20;17
21;0
21;1
21;2
21;7
21;8
21;10
21;12
21;206
21;115
22;5
22;8
22;9
22;11
22;19
22;277
23;0
23;1
23;2
23;32
23;7
23;9
23;17
23;18
24;0
24;1
24;8
24;96
24;19
24;123
25;0
25;1
25;2
25;3
25;7
25;8
25;10
25;12
25;21
25;30
26;0
26;1
26;2
26;3
26;4
26;5
26;6
27;0
27;1
27;2
27;3
27;5
27;9
27;75
27;15
28;0
28;1
28;2
28;7
29;95
31;0
31;1
31;2
31;3
31;4
31;5
31;6
31;8
31;26
33;8
33;65
34;9
34;44
34;129
36;0
36;1
36;2
37;32
37;199
38;0
38;1
38;2
38;7
38;107
38;18
39;0
39;1
39;2
39;3
39;4
39;5
39;6
39;9
39;16
40;387
40;221
41;64
41;35
42;7
43;0
43;1
43;2
43;32
43;9
43;7
43;17
43;18
43;23
43;29
46;167
47;0
47;1
47;2
47;3
47;15
47;51
48;0
48;1
48;2
48;3
48;7
48;8
48;44
48;10
48;12
48;21
48;25
48;60
48;94
48;30
49;0
49;1
49;2
49;28
49;7
50;0
50;1
50;2
50;131
50;5
50;32
50;9
50;43
50;17
50;18
50;23
50;7
50;409
50;29
52;0
52;1
52;2
52;7
52;8
52;11
52;40
52;19
52;121
52;103
52;28
53;0
53;1
53;2
53;3
53;7
53;8
53;12
53;10
53;44
53;48
53;99
53;21
53;25
53;30
54;0
54;1
54;2
54;38
54;7
54;8
54;11
54;80
54;40
54;18
54;19
55;72
56;0
56;1
56;2
56;7
56;392
56;335
56;49
56;55
56;28
57;0
57;1
57;2
57;32
57;7
57;9
57;17
57;18
57;23
58;346
58;267
58;46
58;87
59;0
59;1
59;2
59;7
59;8
59;11
59;40
59;19
59;52
59;28
61;266
61;51
62;285
63;0
63;1
63;2
63;3
63;7
63;8
63;12
63;10
63;44
63;48
63;21
63;25
63;60
63;30
65;88
66;0
66;1
66;2
66;3
66;4
66;5
67;64
67;102
67;183
68;97
68;19
68;44
68;69
68;485
69;147
70;0
70;1
70;7
70;8
70;9
70;12
70;16
70;145
71;9
71;46
74;0
74;1
74;2
74;3
74;4
74;5
74;137
74;51
74;61
76;0
76;1
76;10
76;122
76;2
77;0
77;1
77;2
77;3
77;4
77;5
77;7
77;74
77;51
77;55
77;61
78;0
78;1
78;2
78;3
78;7
78;8
78;44
78;10
78;12
78;48
78;53
78;25
78;30
78;21
79;0
79;1
79;2
79;81
79;7
79;49
79;55
79;56
79;28
80;90
81;433
82;0
82;1
82;2
82;7
82;40
82;49
82;28
83;0
83;1
83;2
83;3
83;4
83;5
83;6
83;39
83;8
83;9
83;45
83;16
84;8
84;301
84;93
84;141
85;0
85;1
85;2
85;5
85;32
85;9
85;43
85;18
85;17
85;50
85;23
85;7
85;29
86;32
86;58
86;37
86;46
87;305
89;0
89;1
89;70
89;7
89;8
89;9
89;12
89;16
91;0
91;1
91;2
91;3
91;4
91;5
91;72
91;74
91;51
91;276
91;55
91;61
92;0
92;1
92;2
92;3
92;4
92;5
92;388
94;253
95;302
96;327
97;139
100;0
100;1
100;2
100;7
100;8
100;170
100;11
100;40
100;19
100;52
100;59
100;28
101;88
101;65
102;249
103;511
104;99
105;40
106;579
106;259
106;93
108;0
108;1
108;2
108;3
108;4
108;5
108;6
108;39
108;9
108;262
108;16
108;62
109;0
109;1
109;2
109;99
109;7
109;8
109;10
109;12
109;21
110;40
110;105
110;195
110;125
111;0
111;1
111;2
111;70
111;7
111;8
111;9
111;12
111;16
111;49
111;28
112;0
112;1
112;2
112;100
112;38
112;7
112;8
112;11
112;80
112;40
112;18
112;19
112;52
112;54
112;59
112;28
114;0
114;1
114;2
114;3
114;4
114;5
114;7
114;73
114;74
114;77
114;51
114;55
114;61
116;45
117;0
117;1
117;2
117;17
117;32
117;8
117;9
117;11
117;40
117;18
117;19
117;23
117;7
117;57
118;0
118;1
118;2
118;7
118;40
118;49
118;28
119;72
120;0
120;1
120;2
120;5
120;32
120;9
120;43
120;50
120;17
120;18
120;85
120;23
120;7
120;29
120;37
121;435
122;124
126;0
126;96
126;1
126;8
126;19
126;24
126;123
127;40
127;207
128;223
129;343
130;0
130;1
130;71
130;8
130;9
130;7
130;12
130;46
130;159
131;153
131;370
131;165
132;0
132;1
132;2
132;100
132;5
132;38
132;7
132;8
132;80
132;11
132;112
132;40
132;18
132;19
132;52
132;17
132;54
132;9
132;20
132;59
132;28
133;87
134;0
134;1
134;2
134;3
134;7
134;8
134;12
134;10
134;44
134;48
134;30
134;21
134;25
134;60
134;94
136;0
136;1
136;70
136;7
136;8
136;9
136;12
136;16
136;89
137;230
138;0
138;32
138;2
138;5
138;1
138;9
138;43
138;18
138;17
138;50
138;85
138;23
138;120
138;7
138;29
138;37
139;264
140;64
142;5
142;8
142;9
142;11
142;40
142;19
143;0
143;1
143;2
143;3
143;4
143;5
143;6
143;46
143;87
143;58
143;26
144;40
144;127
146;88
146;65
148;0
148;1
148;2
148;3
148;134
148;7
148;8
148;44
148;10
148;12
148;96
148;48
148;19
148;21
148;278
148;24
148;25
148;123
148;60
148;94
148;30
149;40
149;105
150;0
150;1
150;2
150;3
150;4
150;5
150;7
150;137
150;74
150;77
150;336
150;51
150;55
150;61
151;0
151;96
151;1
151;8
151;19
151;24
151;123
151;126
152;131
153;448
153;332
154;189
155;0
155;1
155;2
155;3
155;4
155;5
155;6
155;39
155;9
155;16
156;32
156;0
156;2
156;3
156;4
156;37
156;6
156;1
156;8
156;9
156;39
156;45
156;46
156;16
156;83
156;86
156;58
156;5
157;32
157;104
157;99
157;37
158;220
160;141
161;0
161;32
161;2
161;1
161;49
161;7
161;40
161;9
161;82
161;17
161;18
161;23
161;57
161;28
162;40
162;90
162;127
163;0
163;1
163;5
163;70
163;7
163;8
163;9
163;12
163;16
163;17
163;20
163;89
163;188
164;209
164;42
164;7
166;0
166;1
166;70
166;7
166;136
166;9
166;12
166;16
166;8
166;51
166;89
166;61
168;0
168;96
168;453
168;1
168;8
168;19
168;151
168;24
168;123
168;126
169;352
169;129
169;34
169;9
169;44
169;354
169;30
170;551
171;32
171;0
171;2
171;3
171;4
171;37
171;6
171;1
171;8
171;9
171;39
171;45
171;46
171;16
171;83
171;86
171;87
171;133
171;58
171;156
171;5
172;72
172;103
172;119
173;0
173;1
173;2
173;99
173;7
173;8
173;10
173;12
173;109
173;21
174;88
174;65
175;160
175;129
175;34
175;9
175;44
175;141
176;102
177;0
177;1
177;2
177;3
177;4
177;5
177;103
177;72
177;73
177;74
177;7
177;172
177;77
177;114
177;51
177;404
177;119
177;55
177;61
178;0
178;1
178;2
178;36
179;0
179;1
179;2
179;3
179;134
179;7
179;8
179;44
179;10
179;12
179;48
179;21
179;87
179;25
179;60
179;94
179;30
180;0
180;1
180;2
180;5
180;32
180;9
180;43
180;50
180;17
180;18
180;85
180;23
180;7
180;137
180;29
181;0
181;32
181;2
181;1
181;7
181;9
181;17
181;18
181;23
181;57
182;51
184;0
184;1
184;2
184;3
184;134
184;7
184;8
184;10
184;12
184;269
184;19
184;148
184;21
184;24
184;25
184;30
184;44
184;48
184;60
184;94
184;96
184;123
185;444
185;397
185;446
185;103
186;60
187;42
187;164
187;7
189;325
190;45
191;0
191;1
191;2
191;3
191;15
191;51
191;47
192;153
192;188
193;0
193;1
193;130
193;71
193;8
193;9
193;7
193;12
193;46
193;543
193;159
194;0
194;1
194;2
194;518
194;7
194;8
194;10
194;12
194;232
194;115
194;21
196;0
196;1
196;2
196;3
196;4
196;5
196;6
196;39
196;9
196;108
196;16
196;62
196;159
197;0
197;1
197;2
197;3
197;4
197;5
197;92
198;0
198;1
198;2
198;3
198;32
198;9
198;7
198;15
198;17
198;18
198;181
198;23
198;57
200;0
200;1
200;2
200;3
200;4
200;5
200;7
200;137
200;74
200;77
200;51
200;341
200;150
200;55
200;61
201;0
201;1
201;2
201;7
201;8
201;11
201;40
201;19
201;52
201;90
201;59
201;28
201;410
202;0
202;1
202;2
202;100
202;7
202;8
202;297
202;170
202;11
202;40
202;19
202;52
202;241
202;59
202;28
203;137
204;99
204;236
205;145
208;0
208;1
208;7
208;8
208;12
208;317
210;188
211;94
212;64
212;67
212;102
212;71
212;9
212;46
212;183
213;0
213;1
213;99
213;70
213;7
213;104
213;9
213;12
213;16
213;136
213;8
213;89
214;0
214;1
214;2
214;100
214;7
214;8
214;202
214;11
214;98
214;40
214;362
214;19
214;52
214;59
214;28
214;170
215;0
215;1
215;2
215;3
215;4
215;5
215;102
215;7
215;200
215;137
215;74
215;77
215;51
215;150
215;55
215;61
216;0
216;1
216;7
216;8
216;12
216;141
216;84
216;93
217;417
217;186
217;60
218;0
218;32
218;2
218;3
218;1
218;5
218;7
218;9
218;74
218;17
218;18
218;51
218;181
218;23
218;137
218;57
218;61
218;4
219;0
219;1
219;2
219;32
219;5
219;103
219;72
219;9
219;43
219;172
219;18
219;17
219;50
219;85
219;268
219;119
219;120
219;23
219;29
219;7
219;37
222;8
222;33
222;65
224;32
224;1
224;2
224;37
224;0
224;199
224;9
224;7
224;17
224;18
224;23
224;57
225;0
225;1
225;2
225;99
225;32
225;7
225;8
225;9
225;10
225;12
225;109
225;17
225;18
225;21
225;23
226;88
226;65
226;320
226;87
227;81
227;90
228;0
228;128
228;7
228;113
228;55
228;158
229;9
229;46
229;71
231;35
231;458
231;107
231;535
233;64
233;67
233;102
233;71
233;9
233;46
233;212
233;183
234;165
234;199
235;186
235;60
236;595
236;309
237;139
237;486
238;236
238;99
238;204
239;0
239;1
239;2
239;3
239;4
239;5
239;103
239;72
239;73
239;74
239;7
239;172
239;77
239;177
239;114
239;51
239;119
239;55
239;92
239;61
239;197
240;0
240;1
240;130
240;71
240;8
240;9
240;7
240;12
240;46
240;159
242;62
243;0
243;1
243;2
243;3
243;4
243;5
243;6
243;46
243;143
243;87
243;58
243;123
243;26
244;0
244;1
244;2
244;3
244;135
244;73
244;10
244;76
244;122
245;0
245;1
245;2
245;100
245;38
245;7
245;8
245;80
245;11
245;112
245;40
245;18
245;19
245;52
245;54
245;59
245;28
246;0
246;1
246;7
246;8
246;12
246;141
246;494
246;84
246;216
246;93
247;0
247;1
247;178
247;36
247;2
248;0
248;1
248;2
248;7
248;8
248;10
248;12
248;206
248;115
248;21
250;128
250;0
250;130
250;1
250;71
250;8
250;9
250;7
250;12
250;46
250;505
250;159
250;223
251;0
251;1
251;2
251;99
251;7
251;8
251;10
251;12
251;173
251;109
251;113
251;21
252;0
252;1
252;2
252;67
252;102
252;7
252;64
252;233
252;71
252;46
252;18
252;212
252;9
252;183
254;0
254;1
254;2
254;38
254;7
254;107
254;18
254;103
255;128
255;0
255;130
255;1
255;65
255;71
255;8
255;9
255;7
255;12
255;46
255;146
255;88
255;250
255;223
255;442
255;159
256;62
257;99
258;0
258;1
258;2
258;100
258;38
258;7
258;8
258;80
258;11
258;112
258;40
258;18
258;19
258;52
258;54
258;59
258;28
258;432
260;0
260;1
260;2
260;5
260;32
260;9
260;43
260;50
260;17
260;18
260;85
260;23
260;7
260;29
261;0
261;1
261;2
261;3
261;134
261;7
261;8
261;12
261;10
261;44
261;96
261;48
261;19
261;148
261;21
261;24
261;25
261;123
261;60
261;94
261;30
263;0
263;32
263;2
263;3
263;4
263;5
263;1
263;9
263;74
263;7
263;236
263;17
263;18
263;51
263;181
263;23
263;137
263;57
263;218
263;61
265;104
265;99
265;125
266;405
270;123
271;160
271;129
271;34
271;9
271;44
271;141
271;175
272;17
272;35
272;29
272;9
273;0
273;32
273;2
273;1
273;7
273;9
273;17
273;18
273;23
273;57
274;0
274;1
274;2
274;7
274;49
274;55
274;56
274;28
275;165
276;328
279;0
279;129
279;2
279;3
279;4
279;5
279;1
279;9
279;141
279;271
279;150
279;160
279;34
279;7
279;44
279;175
279;51
279;137
279;61
279;74
279;55
279;77
280;0
280;1
280;2
280;3
280;7
280;8
280;44
280;10
280;12
280;48
280;21
280;25
280;60
280;30
280;63
281;0
281;1
281;2
281;132
281;5
281;7
281;8
281;9
281;11
281;17
281;18
281;19
281;20
281;28
281;38
281;40
281;52
281;54
281;59
281;80
281;100
281;112
282;123
282;46
282;167
283;139
283;237
284;241
284;44
286;0
286;1
286;99
286;166
286;70
286;7
286;104
286;9
286;12
286;16
286;136
286;51
286;8
286;89
286;61
287;115
288;32
288;103
289;0
289;1
289;2
289;7
289;8
289;10
289;12
289;206
289;115
289;21
289;248
290;0
290;1
290;8
290;137
290;203
290;45
290;113
291;0
291;96
291;1
291;8
291;19
291;30
291;151
291;24
291;123
291;126
292;0
292;1
292;2
292;36
292;70
292;7
292;8
292;9
292;12
292;16
292;145
292;178
292;500
293;8
293;73
293;84
293;93
293;141
294;0
294;1
294;2
294;3
294;134
294;7
294;8
294;12
294;10
294;44
294;48
294;179
294;21
294;87
294;25
294;60
294;94
294;30
295;0
295;1
295;2
295;67
295;102
295;7
295;64
295;233
295;71
295;46
295;18
295;212
295;278
295;9
295;252
295;183
296;0
296;1
296;2
296;3
296;4
296;5
296;19
296;7
296;200
296;137
296;74
296;77
296;96
296;8
296;51
296;150
296;55
296;24
296;123
296;61
296;126
297;311
298;0
298;1
298;2
298;49
298;70
298;7
298;8
298;9
298;12
298;111
298;16
298;145
298;28
299;131
299;165
299;8
299;141
299;84
299;153
299;93
300;0
300;1
300;2
300;67
300;165
300;102
300;7
300;64
300;233
300;71
300;46
300;18
300;131
300;212
300;9
300;153
300;252
300;183
303;99
303;334
304;0
304;1
304;163
304;5
304;70
304;7
304;8
304;9
304;12
304;16
304;17
304;115
304;20
304;89
304;188
306;90
307;0
307;1
307;2
307;3
307;51
307;7
307;8
307;12
307;10
307;44
307;48
307;30
307;21
307;182
307;25
307;60
307;94
308;268
310;512
310;107
312;0
312;1
312;2
312;3
312;4
312;5
312;7
312;8
312;9
312;11
312;19
312;277
312;22
312;150
312;51
312;137
312;61
312;200
312;74
312;55
312;77
312;215
312;102
313;221
314;0
314;1
314;2
314;7
314;8
314;11
314;40
314;19
314;52
314;59
314;28
314;285
315;0
315;1
315;18
315;2
315;7
316;0
316;1
316;2
316;3
316;17
316;198
316;32
316;9
316;7
316;205
316;15
316;145
316;18
316;181
316;23
316;57
317;545
318;58
318;267
318;46
318;87
319;230
321;277
322;0
322;1
322;2
322;38
322;7
322;10
322;107
322;18
323;72
323;119
323;172
323;103
324;0
324;1
324;2
324;38
324;7
324;8
324;10
324;107
324;12
324;206
324;18
324;115
324;21
326;88
326;65
326;349
326;174
329;32
329;104
329;99
329;157
329;37
330;328
331;45
331;190
333;129
333;34
333;169
333;44
333;211
333;30
333;9
333;94
336;365
337;328
337;40
337;162
337;90
337;127
338;0
338;96
338;1
338;8
338;267
338;46
338;19
338;87
338;24
338;58
338;123
338;318
339;0
339;1
339;2
339;3
339;7
339;8
339;12
339;10
339;167
339;44
339;48
339;21
339;280
339;25
339;60
339;30
339;63
340;0
340;1
340;2
340;32
340;7
340;8
340;9
340;11
340;17
340;18
340;19
340;40
340;23
340;52
340;201
340;59
340;28
340;90
342;283
342;139
342;237
343;528
343;399
345;0
345;1
345;2
345;3
345;4
345;5
345;6
345;361
345;46
345;143
345;26
345;87
345;217
345;186
345;60
345;58
347;0
347;289
347;2
347;1
347;7
347;8
347;10
347;12
347;206
347;115
347;21
347;248
347;124
348;8
348;33
348;65
350;0
350;1
350;2
350;259
350;7
350;586
350;49
350;274
350;55
350;56
350;28
351;0
351;1
351;163
351;5
351;70
351;7
351;8
351;9
351;12
351;16
351;17
351;188
351;20
351;89
351;220
353;0
353;1
353;2
353;3
353;4
353;5
353;6
353;7
353;8
353;9
353;10
353;12
353;16
353;21
353;280
353;25
353;30
353;159
353;39
353;44
353;48
353;60
353;62
353;63
353;196
353;108
355;0
355;1
355;2
355;5
355;7
355;8
355;9
355;11
355;79
355;81
355;19
355;277
355;22
355;55
355;56
355;49
355;28
357;0
357;1
357;2
357;38
357;7
357;107
357;18
357;159
358;249
358;466
358;102
359;0
359;1
359;2
359;3
359;196
359;5
359;6
359;39
359;9
359;108
359;16
359;4
359;62
359;159
360;0
360;1
360;2
360;113
360;7
360;8
360;137
360;203
360;290
360;45
360;49
360;274
360;55
360;56
360;28
363;0
363;1
363;264
363;96
363;168
363;19
363;8
363;151
363;24
363;123
363;126
364;88
366;0
366;1
366;168
366;96
366;363
366;496
366;264
366;19
366;8
366;151
366;24
366;123
366;126
367;0
367;1
367;2
367;3
367;4
367;5
367;6
367;8
367;9
367;16
367;156
367;133
367;32
367;37
367;39
367;171
367;45
367;46
367;58
367;83
367;86
367;87
368;0
368;1
368;2
368;3
368;51
368;7
368;8
368;44
368;10
368;75
368;12
368;495
368;48
368;307
368;21
368;182
368;25
368;571
368;60
368;94
368;30
369;129
369;34
369;169
369;44
369;333
369;211
369;94
369;9
369;378
369;253
369;30
371;0
371;1
371;2
371;3
371;4
371;133
371;6
371;8
371;9
371;16
371;156
371;541
371;5
371;32
371;37
371;39
371;171
371;45
371;46
371;58
371;591
371;83
371;86
371;87
371;107
372;32
372;0
372;2
372;3
372;4
372;37
372;6
372;1
372;8
372;9
372;39
372;45
372;46
372;16
372;520
372;83
372;86
372;58
372;156
372;5
373;253
373;335
374;64
374;67
374;102
374;71
374;9
374;183
374;46
374;212
374;311
375;40
375;162
375;90
375;127
376;137
376;230
377;0
377;1
377;2
377;3
377;48
377;7
377;8
377;44
377;10
377;12
377;365
377;336
377;99
377;53
377;25
377;30
377;21
379;224
379;32
379;2
379;3
379;37
379;0
379;1
379;145
379;9
379;199
379;205
379;15
379;17
379;18
379;181
379;23
379;7
379;57
379;316
379;198
380;40
380;207
380;127
381;0
381;1
381;2
381;32
381;7
381;9
381;268
381;273
381;18
381;308
381;17
381;23
381;57
382;0
382;1
382;258
382;259
382;100
382;38
382;7
382;8
382;112
382;11
382;2
382;80
382;40
382;18
382;19
382;52
382;54
382;59
382;28
383;0
383;225
383;2
383;99
383;1
383;549
383;32
383;8
383;9
383;10
383;7
383;12
383;109
383;17
383;18
383;21
383;23
383;253
384;471
384;460
384;262
384;223
385;0
385;1
385;2
385;7
385;8
385;10
385;139
385;12
385;237
385;206
385;115
385;21
386;0
386;1
386;2
386;3
386;134
386;7
386;8
386;10
386;12
386;269
386;19
386;148
386;21
386;24
386;25
386;30
386;40
386;44
386;48
386;184
386;60
386;207
386;94
386;96
386;123
386;127
389;224
389;32
389;2
389;37
389;0
389;1
389;129
389;9
389;199
389;44
389;34
389;17
389;18
389;23
389;7
389;57
390;0
390;1
390;2
390;3
390;196
390;5
390;6
390;359
390;9
390;39
390;108
390;450
390;16
390;4
390;62
390;159
391;0
391;1
391;290
391;199
391;8
391;137
391;203
391;45
391;113
393;64
394;0
394;1
394;130
394;71
394;8
394;9
394;7
394;12
394;46
394;240
394;159
395;0
395;1
395;2
395;100
395;38
395;7
395;8
395;112
395;11
395;80
395;40
395;18
395;19
395;52
395;245
395;54
395;59
395;28
396;0
396;1
396;290
396;203
396;199
396;8
396;137
396;391
396;45
396;113
396;119
396;72
398;224
398;32
398;2
398;37
398;0
398;1
398;9
398;199
398;17
398;18
398;23
398;7
398;57
400;129
400;546
400;51
400;182
400;343
401;64
401;67
401;102
401;71
401;233
401;183
401;46
401;212
401;9
402;0
402;1
402;2
402;3
402;134
402;7
402;8
402;12
402;10
402;167
402;44
402;46
402;48
402;179
402;21
402;87
402;25
402;60
402;94
402;30
403;170
403;269
406;0
406;1
406;290
406;203
406;199
406;8
406;137
406;391
406;140
406;45
406;64
406;113
407;0
407;1
407;2
407;3
407;7
407;8
407;44
407;10
407;12
407;48
407;99
407;53
407;25
407;30
407;21
408;0
408;1
408;2
408;260
408;5
408;32
408;9
408;43
408;18
408;17
408;50
408;85
408;23
408;7
408;29
411;0
411;1
411;2
411;3
411;51
411;7
411;8
411;44
411;10
411;12
411;15
411;48
411;307
411;21
411;182
411;25
411;47
411;60
411;94
411;30
411;191
412;0
412;33
412;322
412;107
412;1
412;38
412;65
412;8
412;10
412;7
412;2
412;18
412;348
413;64
413;51
414;0
414;1
414;2
414;3
414;134
414;7
414;8
414;10
414;12
414;402
414;131
414;21
414;153
414;25
414;30
414;165
414;167
414;44
414;46
414;48
414;179
414;60
414;87
414;94
414;370
415;107
415;310
416;145
416;205
416;593
418;0
418;1
418;386
418;3
418;134
418;7
418;8
418;10
418;12
418;2
418;19
418;148
418;21
418;24
418;25
418;30
418;415
418;40
418;44
418;48
418;310
418;184
418;60
418;269
418;207
418;94
418;96
418;107
418;123
418;127
419;417
420;224
420;32
420;2
420;37
420;0
420;1
420;9
420;199
420;17
420;18
420;211
420;23
420;7
420;57
420;94
421;0
421;1
421;2
421;3
421;4
421;5
421;103
421;72
421;73
421;74
421;7
421;172
421;77
421;177
421;114
421;51
421;404
421;119
421;55
421;61
422;0
422;1
422;2
422;32
422;9
422;7
422;46
422;17
422;18
422;23
423;9
423;229
423;46
423;71
424;234
424;165
424;199
425;0
425;129
425;2
425;3
425;4
425;5
425;1
425;9
425;141
425;271
425;150
425;279
425;160
425;34
425;7
425;44
425;175
425;51
425;137
425;61
425;74
425;55
425;77
425;336
425;365
426;0
426;1
426;2
426;131
426;5
426;7
426;8
426;137
426;17
426;274
426;23
426;409
426;28
426;29
426;32
426;290
426;43
426;45
426;49
426;50
426;9
426;56
426;203
426;360
426;18
426;113
426;55
427;405
428;0
428;1
428;2
428;43
428;5
428;422
428;32
428;9
428;7
428;50
428;46
428;17
428;18
428;85
428;23
428;120
428;29
428;37
429;0
429;1
429;2
429;3
429;4
429;197
429;92
429;5
430;0
430;96
430;1
430;8
430;19
430;151
430;24
430;123
430;126
431;0
431;1
431;2
431;3
431;4
431;5
431;6
431;361
431;46
431;143
431;217
431;58
431;87
431;345
431;26
431;60
431;186
432;566
434;587
434;137
434;354
434;203
436;488
436;234
436;525
436;165
436;199
437;64
437;35
437;8
437;41
437;11
437;40
437;19
438;0
438;1
438;2
438;3
438;4
438;5
438;7
438;172
438;177
438;51
438;55
438;61
438;197
438;72
438;73
438;74
438;77
438;92
438;103
438;239
438;114
438;119
439;515
439;81
439;90
439;227
440;0
440;1
440;194
440;7
440;8
440;10
440;12
440;2
440;232
440;115
440;21
441;0
441;1
441;2
441;99
441;7
441;8
441;9
441;10
441;12
441;109
441;16
441;21
443;224
443;32
443;2
443;420
443;37
443;0
443;1
443;9
443;199
443;17
443;18
443;211
443;23
443;7
443;57
443;94
445;0
445;1
445;2
445;99
445;7
445;8
445;10
445;12
445;109
445;205
445;145
445;21
447;224
447;32
447;2
447;389
447;0
447;1
447;129
447;9
447;199
447;44
447;34
447;17
447;18
447;23
447;7
447;57
447;37
449;147
451;0
451;1
451;2
451;3
451;7
451;8
451;10
451;11
451;12
451;258
451;18
451;259
451;21
451;25
451;28
451;30
451;38
451;40
451;44
451;48
451;52
451;53
451;54
451;59
451;80
451;99
451;100
451;112
451;19
451;382
452;0
452;1
452;2
452;3
452;4
452;5
452;7
452;8
452;9
452;11
452;19
452;277
452;22
452;282
452;150
452;167
452;46
452;51
452;137
452;312
452;61
452;200
452;74
452;55
452;77
452;215
452;102
452;123
454;0
454;1
454;258
454;100
454;38
454;7
454;8
454;112
454;11
454;2
454;80
454;40
454;18
454;19
454;52
454;54
454;59
454;28
454;432
455;409
456;305
456;220
456;87
457;259
457;133
457;87
459;0
459;1
459;2
459;3
459;4
459;5
459;137
459;74
459;51
459;61
461;0
461;1
461;2
461;259
461;134
461;7
461;8
461;10
461;11
461;12
461;258
461;18
461;3
461;148
461;21
461;24
461;25
461;28
461;30
461;38
461;40
461;44
461;48
461;52
461;53
461;54
461;184
461;59
461;60
461;451
461;269
461;80
461;94
461;96
461;99
461;100
461;112
461;19
461;123
461;382
462;64
463;64
463;462
464;0
464;1
464;2
464;5
464;7
464;8
464;9
464;11
464;258
464;18
464;19
464;277
464;22
464;28
464;38
464;40
464;432
464;49
464;52
464;54
464;55
464;56
464;59
464;79
464;80
464;81
464;355
464;100
464;112
465;72
465;119
465;172
465;167
465;103
467;328
467;330
467;492
468;64
468;140
469;0
469;1
469;2
469;32
469;7
469;9
469;267
469;273
469;18
469;17
469;23
469;57
470;64
470;462
472;253
472;94
473;0
473;32
473;2
473;5
473;1
473;9
473;138
473;43
473;50
473;269
473;17
473;18
473;85
473;23
473;120
473;7
473;29
473;37
474;0
474;1
474;258
474;5
474;7
474;8
474;9
474;11
474;2
474;18
474;19
474;277
474;22
474;28
474;38
474;40
474;432
474;49
474;52
474;54
474;55
474;56
474;59
474;454
474;79
474;80
474;81
474;464
474;355
474;100
474;112
475;145
476;0
476;1
476;2
476;7
476;8
476;9
476;11
476;17
476;18
476;19
476;23
476;28
476;32
476;165
476;40
476;436
476;52
476;59
476;199
476;201
476;340
476;90
476;234
477;0
477;1
477;2
477;32
477;9
477;7
477;332
477;17
477;18
477;23
477;568
478;0
478;1
478;2
478;3
478;294
478;134
478;7
478;8
478;44
478;10
478;12
478;48
478;392
478;179
478;21
478;87
478;25
478;60
478;94
478;30
479;224
479;32
479;2
479;420
479;37
479;0
479;1
479;9
479;199
479;17
479;18
479;211
479;23
479;7
479;57
479;94
480;0
480;1
480;2
480;3
480;4
480;5
480;7
480;8
480;9
480;11
480;17
480;18
480;19
480;23
480;32
480;35
480;40
480;41
480;51
480;181
480;137
480;57
480;61
480;437
480;64
480;74
480;218
481;0
481;1
481;2
481;99
481;7
481;8
481;10
481;12
481;173
481;109
481;387
481;21
482;0
482;1
482;2
482;3
482;4
482;5
482;6
482;7
482;8
482;9
482;10
482;12
482;16
482;21
482;280
482;25
482;30
482;159
482;39
482;172
482;44
482;48
482;177
482;51
482;55
482;60
482;61
482;62
482;63
482;196
482;197
482;72
482;73
482;74
482;77
482;92
482;353
482;103
482;108
482;239
482;114
482;119
483;19
483;285
483;62
484;0
484;129
484;2
484;70
484;1
484;8
484;9
484;298
484;7
484;12
484;145
484;111
484;16
484;49
484;343
484;28
487;0
487;1
487;18
487;2
487;7
489;210
489;188
490;153
490;370
490;131
490;165
491;32
491;195
491;37
491;104
491;329
491;99
491;157
493;0
493;1
493;2
493;5
493;7
493;8
493;9
493;11
493;258
493;17
493;18
493;19
493;277
493;22
493;23
493;28
493;32
493;38
493;40
493;432
493;49
493;52
493;54
493;55
493;56
493;57
493;59
493;79
493;464
493;81
493;80
493;355
493;100
493;112
493;117
497;332
497;230
498;0
498;1
498;2
498;32
498;7
498;9
498;17
498;267
498;273
498;18
498;469
498;23
498;57
499;0
499;1
499;2
499;3
499;7
499;8
499;12
499;10
499;44
499;48
499;21
499;25
499;60
499;94
499;30
501;19
502;0
502;1
502;2
502;99
502;7
502;236
502;487
502;204
502;18
503;40
503;145
503;475
503;387
503;221
504;301
506;0
506;1
506;2
506;49
506;7
506;360
506;137
506;203
506;290
506;45
506;113
506;274
506;275
506;8
506;55
506;56
506;28
506;165
507;0
507;1
507;2
507;324
507;38
507;7
507;8
507;10
507;107
507;12
507;206
507;18
507;115
507;21
508;259
508;266
508;51
508;61
509;0
509;1
509;450
509;36
509;2
510;0
510;1
510;2
510;67
510;102
510;7
510;64
510;9
510;71
510;46
510;16
510;18
510;212
510;233
510;252
510;183
513;0
513;321
513;290
513;203
513;1
513;8
513;137
513;391
513;45
513;113
513;277
513;199
514;9
514;277
514;13
514;321
517;0
517;1
517;2
517;3
517;4
517;5
517;6
517;7
517;8
517;9
517;10
517;12
517;16
517;21
517;536
517;156
517;32
517;289
517;37
517;39
517;45
517;46
517;58
517;206
517;83
517;86
517;347
517;115
517;248
517;124
519;442
521;40
521;105
521;149
522;204
522;99
522;236
522;238
523;0
523;1
523;2
523;67
523;102
523;295
523;64
523;233
523;7
523;46
523;221
523;40
523;18
523;387
523;212
523;278
523;9
523;71
523;252
523;183
524;0
524;1
524;8
524;11
524;14
524;344
524;62
526;0
526;1
526;2
526;7
526;8
526;137
526;128
526;274
526;275
526;28
526;158
526;290
526;165
526;45
526;49
526;55
526;56
526;203
526;228
526;360
526;113
526;506
527;129
527;343
529;466
529;453
530;0
530;1
530;2
530;3
530;4
530;5
530;6
530;7
530;8
530;9
530;11
530;258
530;143
530;18
530;19
530;277
530;22
530;26
530;28
530;38
530;40
530;46
530;432
530;49
530;52
530;54
530;55
530;56
530;58
530;59
530;454
530;79
530;80
530;81
530;87
530;474
530;464
530;355
530;100
530;112
530;243
530;123
531;0
531;1
531;2
531;3
531;4
531;5
531;6
531;39
531;200
531;9
531;74
531;7
531;77
531;16
531;51
531;341
531;150
531;137
531;55
531;155
531;61
532;0
532;65
532;2
532;1
532;7
532;174
532;88
532;28
533;0
533;1
533;2
533;3
533;134
533;7
533;8
533;10
533;12
533;19
533;148
533;21
533;278
533;24
533;25
533;30
533;44
533;48
533;60
533;94
533;96
533;123
534;0
534;1
534;258
534;5
534;7
534;8
534;9
534;11
534;2
534;18
534;19
534;276
534;277
534;22
534;28
534;38
534;40
534;432
534;49
534;52
534;54
534;55
534;56
534;59
534;454
534;328
534;79
534;80
534;81
534;474
534;464
534;355
534;100
534;112
537;40
537;105
537;195
537;125
537;110
538;335
538;373
538;253
539;0
539;1
539;102
539;7
539;8
539;12
539;208
539;249
539;317
540;0
540;1
540;290
540;8
540;137
540;203
540;45
540;113
542;0
542;1
542;2
542;3
542;4
542;5
542;7
542;9
542;17
542;18
542;150
542;23
542;32
542;420
542;37
542;51
542;137
542;57
542;61
542;199
542;200
542;74
542;55
542;77
542;211
542;341
542;94
542;224
544;210
544;427
544;188
544;405
547;32
547;58
547;46
547;37
547;86
548;325
550;99
552;0
552;1
552;2
552;3
552;4
552;5
552;6
552;26
553;141
554;0
554;1
554;2
554;11
554;32
554;8
554;9
554;7
554;17
554;18
554;19
554;340
554;277
554;40
554;23
554;52
554;201
554;59
554;28
554;90
555;0
555;1
555;2
555;7
555;8
555;11
555;40
555;19
555;52
555;314
555;59
555;28
555;285
556;0
556;65
556;2
556;1
556;7
556;174
556;532
556;88
556;28
557;323
557;103
557;72
557;172
557;119
557;409
558;51
558;266
558;259
558;508
558;61
559;60
560;0
560;1
560;2
560;7
560;49
560;28
561;0
561;1
561;2
561;99
561;7
561;204
561;487
561;236
561;18
561;502
562;0
562;1
562;2
562;5
562;7
562;8
562;9
562;11
562;258
562;17
562;18
562;19
562;277
562;22
562;23
562;28
562;32
562;38
562;40
562;432
562;49
562;52
562;54
562;55
562;56
562;57
562;59
562;79
562;464
562;81
562;80
562;355
562;100
562;493
562;112
562;117
563;64
563;41
563;35
564;354
565;72
567;0
567;1
567;290
567;391
567;549
567;199
567;8
567;137
567;203
567;396
567;45
567;113
567;119
567;72
569;0
569;1
569;386
569;3
569;134
569;7
569;8
569;10
569;12
569;2
569;19
569;148
569;21
569;24
569;25
569;30
569;289
569;347
569;40
569;44
569;48
569;184
569;60
569;206
569;269
569;207
569;94
569;96
569;115
569;248
569;123
569;124
569;127
570;0
570;1
570;166
570;70
570;7
570;136
570;9
570;12
570;16
570;8
570;51
570;89
570;61
572;529
572;466
572;453
573;435
574;0
574;1
574;2
574;10
574;76
574;122
575;0
575;1
575;2
575;3
575;4
575;5
575;6
575;39
575;8
575;9
575;518
575;7
575;12
575;45
575;194
575;16
575;232
575;83
575;21
575;115
575;10
576;346
577;0
577;385
577;2
577;1
577;7
577;8
577;10
577;139
577;12
577;237
577;206
577;115
577;21
578;72
578;565
580;0
580;1
580;2
580;38
580;7
580;107
580;18
581;384
581;0
581;2
581;262
581;1
581;8
581;9
581;11
581;17
581;18
581;19
581;277
581;23
581;28
581;32
581;40
581;554
581;7
581;52
581;59
581;201
581;460
581;340
581;471
581;90
581;223
582;0
582;1
582;2
582;99
582;65
582;7
582;236
582;487
582;204
582;174
582;561
582;18
582;532
582;502
582;88
582;28
583;0
583;1
583;7
583;8
583;12
583;141
583;494
583;397
583;84
583;246
583;216
583;93
584;0
584;1
584;2
584;3
584;4
584;5
584;7
584;9
584;17
584;18
584;150
584;23
584;542
584;32
584;420
584;37
584;51
584;137
584;57
584;61
584;199
584;200
584;74
584;55
584;77
584;211
584;341
584;94
584;224
585;0
585;1
585;2
585;3
585;4
585;5
585;6
585;39
585;9
585;16
588;275
588;356
588;165
589;0
589;1
589;2
589;7
589;8
589;11
589;40
589;19
589;52
589;314
589;59
589;28
589;285
590;0
590;1
590;2
590;259
590;7
590;8
590;10
590;11
590;12
590;258
590;18
590;3
590;21
590;25
590;28
590;30
590;38
590;40
590;44
590;48
590;52
590;53
590;54
590;59
590;451
590;80
590;99
590;100
590;112
590;19
590;382
592;259
592;32
592;106
592;579
592;93
594;224
594;32
594;2
594;389
594;0
594;1
594;129
594;9
594;199
594;44
594;34
594;17
594;18
594;23
594;7
594;57
594;37
596;328
596;330
596;467
596;492
597;0
597;193
597;130
597;1
597;71
597;8
597;9
597;7
597;12
597;46
597;159
597;543
598;170
598;551
598;535
599;144
599;40
599;545
599;317
599;127
600;495
601;98
