1;1567
2;703
3;312
4;1457
5;2259
5;854
5;1116
6;1474
6;298
6;413
7;1142
8;260
8;1061
8;1866
8;507
8;394
9;2352
9;1076
9;1565
10;1757
11;2043
11;207
11;1468
11;2174
11;287
12;2339
13;1420
13;60
14;203
15;646
15;879
16;1062
16;118
16;126
17;1357
18;506
19;1458
20;2153
20;445
21;228
21;454
21;268
21;691
21;855
21;804
21;411
21;60
21;31
22;1348
23;948
24;1276
25;2354
26;2149
26;1110
26;1052
26;1663
27;563
27;2420
27;1919
28;1614
29;1153
30;2217
30;1240
30;894
30;1023
31;881
31;382
32;769
32;2180
33;1161
33;716
33;1488
34;2264
35;628
36;1124
37;1840
37;152
37;255
38;2267
39;1682
39;2180
39;1565
39;222
40;1959
41;1889
41;60
42;393
42;1770
43;660
43;1161
44;54
44;327
45;1433
46;890
46;63
46;2063
47;122
48;176
48;1681
48;1175
49;1026
49;1814
50;1680
51;104
52;2028
52;785
52;218
53;571
53;2039
54;160
54;450
55;1611
56;208
56;1875
57;733
57;341
58;901
59;692
59;120
60;2
60;1284
61;1218
62;1855
63;165
63;647
63;510
64;1991
64;1610
64;1166
65;1376
65;1487
65;2256
65;1306
65;1437
65;2336
65;230
65;957
65;2231
65;1083
65;1341
65;126
66;843
67;138
68;1662
69;1705
70;1977
71;1547
72;2166
72;124
73;51
73;2354
73;1649
73;82
73;1779
73;341
73;790
73;152
73;1084
74;249
74;955
74;892
75;2360
76;1201
76;842
76;1735
76;44
76;622
76;15
76;2222
76;602
77;868
78;2105
78;590
79;1161
79;400
79;1077
79;471
80;1720
81;728
81;734
81;79
82;850
82;1161
83;228
83;1125
83;1424
83;1855
84;1275
84;44
85;1234
86;1796
86;221
87;1735
88;576
89;1900
89;894
90;2394
91;2355
91;952
91;255
91;284
91;703
92;191
93;760
93;1054
94;528
95;723
96;1063
96;2390
97;152
97;1435
98;1460
99;341
99;1735
99;1244
99;1165
100;801
100;934
100;465
101;1143
102;2113
102;543
103;302
103;377
103;94
103;1631
104;282
104;647
104;2253
105;839
106;1658
106;92
107;1260
108;1187
109;1765
109;253
109;285
110;85
111;2405
111;188
112;1232
112;1066
112;92
113;1235
114;1556
114;1208
115;1169
115;2185
116;700
116;1357
116;599
117;513
117;344
117;1211
117;60
117;414
117;1343
118;1153
118;939
118;957
118;62
118;95
119;185
119;251
119;44
120;1163
120;389
121;1456
122;789
123;2110
124;33
124;370
124;547
125;2176
126;518
127;354
127;1895
127;1858
128;1923
128;152
129;701
130;152
130;400
130;2040
131;2198
131;152
131;1305
131;411
131;2012
131;483
131;361
131;428
131;1452
132;842
132;176
132;1526
133;1829
133;2157
133;1076
133;1278
134;1665
134;410
134;1404
135;1724
135;1735
136;440
136;2076
136;1662
137;583
137;758
137;504
138;159
138;799
139;1265
139;619
139;989
139;2337
140;1193
141;977
142;1107
142;463
143;1996
143;1726
143;174
144;417
145;1161
145;317
145;1485
146;349
147;2244
147;1256
147;1973
147;92
147;255
148;1761
148;430
148;882
148;22
148;599
148;1853
148;30
148;255
149;432
150;1409
150;38
151;1252
152;2079
153;1928
153;1258
153;99
154;1622
154;526
155;535
155;423
155;1565
155;622
156;2101
156;374
156;572
156;666
156;379
156;44
157;1927
158;96
158;145
158;1896
159;762
159;196
160;1926
161;1336
161;1649
162;1161
162;527
162;1651
162;1244
162;2169
162;60
162;1247
163;2331
163;302
163;287
164;459
165;313
165;802
165;255
166;1740
167;1430
168;114
168;1335
169;2180
169;44
169;2094
169;430
169;54
170;1890
170;374
171;2129
172;1529
173;2223
174;136
174;1070
174;471
175;523
175;581
176;2091
176;210
176;856
176;478
177;465
177;359
177;2217
177;615
177;109
177;239
178;1491
178;566
179;2081
179;115
179;952
179;1566
180;268
180;190
180;951
181;932
181;1725
181;31
182;328
182;974
182;23
183;1818
184;2196
184;281
184;699
184;188
185;1541
186;1428
187;863
188;1505
188;1818
189;1247
190;1651
190;268
190;69
191;1964
191;92
191;399
192;963
192;2009
193;1917
194;1924
194;1726
194;2046
194;1311
195;1683
196;1084
197;699
198;1931
199;1227
199;110
200;2187
201;2121
201;1083
202;2338
202;1829
202;875
202;628
202;21
202;1023
203;1310
204;2233
205;724
206;1195
207;2140
207;174
208;1637
208;1272
209;860
210;668
210;1533
211;461
212;2188
212;1619
213;1416
214;1722
214;92
215;484
215;729
215;426
216;1330
217;2177
217;30
218;2369
218;239
219;650
220;2073
220;58
221;1018
222;697
222;231
223;2301
224;995
225;865
225;206
226;1584
226;1514
227;629
228;765
228;1165
229;44
229;1055
230;383
231;2271
231;429
231;142
231;735
232;854
233;2286
234;867
234;2412
234;487
235;2026
235;1735
236;2257
236;1547
236;79
236;856
236;920
236;152
236;347
236;444
236;29
237;2065
237;1068
238;2413
239;1892
239;1161
239;1354
239;205
240;2184
240;1407
241;1078
242;1040
242;131
243;1569
244;300
244;1261
245;2398
245;415
246;1793
247;2017
248;2425
248;319
249;1817
249;781
250;1254
251;1679
251;337
251;52
251;638
252;337
253;2214
253;110
254;1636
254;1490
254;722
254;188
254;30
255;1392
256;268
256;427
256;1548
257;515
258;1084
259;136
259;890
259;1300
259;758
260;735
261;590
262;1031
262;784
262;632
262;559
262;1306
262;2238
263;2385
263;39
264;1899
264;670
265;1572
265;119
265;572
265;286
266;1038
267;2319
267;1169
267;1588
267;758
267;1399
268;507
269;2007
270;1922
270;1153
270;29
271;51
271;1132
271;718
272;1587
272;2167
273;513
273;1258
273;945
273;115
273;404
273;854
273;701
274;1025
275;459
275;2381
275;1818
275;60
275;861
275;255
276;1956
277;1926
277;567
277;632
277;1083
278;1241
279;267
279;332
279;1710
279;152
279;691
279;661
279;888
280;1349
280;2383
281;999
282;1945
283;1951
284;1581
284;2134
285;802
285;132
285;29
285;583
286;146
286;1084
286;534
286;239
287;436
288;1632
288;251
288;2399
289;1692
290;1833
290;1136
290;251
291;740
291;782
292;2185
293;560
293;335
294;742
294;1999
295;1312
295;1094
295;399
295;1490
295;668
295;829
296;2249
296;1342
297;2067
297;2071
298;1896
299;33
299;196
299;709
299;1126
299;427
299;1900
299;494
300;196
300;904
300;44
300;1485
300;1492
300;758
301;268
301;1709
301;51
301;854
301;953
301;251
302;714
302;1548
303;2221
304;1808
304;359
305;114
305;1183
306;2220
307;1836
307;1691
308;1702
308;1278
309;710
310;2018
311;104
311;551
312;1313
312;1446
312;268
312;180
312;639
313;1997
314;2137
315;1760
315;1650
315;468
315;856
315;187
316;148
316;293
316;1053
317;1203
317;950
317;634
317;255
318;667
318;84
318;1509
319;1062
319;892
319;987
319;380
319;29
320;1393
321;1144
321;115
321;597
321;888
321;988
321;1317
322;2089
322;1975
323;691
323;1695
324;423
325;1413
325;718
326;1467
326;1206
326;286
327;2152
328;666
328;363
328;509
328;1311
329;1284
329;577
330;1390
331;274
331;205
332;1249
332;617
332;1611
332;1132
332;1556
332;917
332;1559
332;31
333;1747
333;143
334;409
334;2429
335;945
335;2036
335;1537
336;866
337;711
337;1735
338;2305
338;1234
339;2147
339;842
339;493
339;93
340;1362
340;300
340;286
340;175
341;1497
342;1645
342;110
342;255
343;1453
343;1197
344;1580
344;79
345;76
345;1484
345;79
345;218
345;1055
346;152
346;2399
346;1084
346;31
347;42
347;2005
347;703
348;669
349;51
349;315
349;1213
349;206
349;678
350;2275
350;1551
350;401
350;1084
350;286
351;1249
351;52
351;297
352;1267
352;1749
353;1396
354;1084
355;1068
356;2092
357;1568
357;68
357;533
357;281
357;1084
358;1110
358;335
359;257
360;257
360;2227
361;1669
362;33
363;553
364;1160
364;483
365;2093
366;1775
367;136
368;1568
368;267
368;54
368;572
368;413
369;1293
369;1583
370;2047
371;1745
371;247
371;1179
372;1796
372;57
372;60
372;62
373;1904
373;1763
373;894
373;959
374;1326
374;1620
374;629
375;2290
375;1549
375;722
375;195
375;1016
375;772
375;286
375;533
376;1867
377;2107
378;1045
379;600
380;844
381;1630
382;1604
382;1510
382;1039
383;685
384;2414
384;702
385;1708
386;2147
387;1744
387;268
388;612
388;2076
388;1662
389;1993
390;274
391;1161
392;1946
393;1192
394;1414
394;1871
394;2354
395;1434
395;651
396;1980
396;842
396;44
396;130
396;1693
396;880
396;1265
396;2220
396;188
396;1565
396;894
397;1145
398;505
399;62
399;966
399;543
400;2043
401;1507
401;1965
402;2156
402;1434
403;2095
403;2271
404;1103
405;2356
406;854
406;1016
406;1465
407;1398
407;359
408;1487
409;1655
409;1081
409;862
409;543
410;797
411;2263
412;128
413;1333
414;256
414;196
414;774
415;1057
415;42
415;1178
415;60
415;479
416;1096
416;1013
417;51
417;2042
417;1084
417;1055
418;1161
419;264
419;1138
419;1084
419;86
420;2069
420;87
420;824
420;104
421;569
422;2299
422;1165
422;2397
423;1423
424;736
425;323
425;1911
426;92
426;2127
427;1
427;619
427;44
427;516
428;258
428;854
429;366
429;1487
429;400
429;502
429;698
429;286
429;1183
430;99
430;1067
431;1921
432;767
433;1314
434;384
434;9
434;1122
435;2297
435;649
435;300
436;1844
436;1789
436;606
436;135
437;73
437;2027
437;881
438;1943
438;350
439;1877
440;393
440;255
441;1264
442;908
443;2311
443;158
443;351
444;858
445;1017
446;546
446;1189
447;761
448;1471
449;2407
449;2345
449;493
449;54
449;188
450;2189
451;1605
452;1486
453;1972
453;439
453;312
453;59
453;318
453;1343
454;1708
454;1627
454;1564
454;446
455;595
455;196
456;465
456;822
457;1610
458;2389
458;572
458;1981
459;92
460;1024
460;217
460;380
461;615
461;1071
462;909
463;1761
463;778
463;749
463;1169
464;1070
465;626
466;1065
466;2012
466;1167
466;1651
466;1945
466;474
466;252
467;1704
468;1506
468;60
468;349
469;80
469;344
469;1061
469;318
470;1282
470;73
470;975
470;477
471;821
472;793
473;857
473;1895
474;1332
474;1818
474;148
474;263
475;2103
476;532
477;2145
477;1724
478;1933
478;755
478;373
478;1750
478;600
478;156
478;29
479;912
479;321
480;1800
480;1265
481;2228
481;2012
482;1426
482;54
482;185
483;1217
483;1930
484;393
484;829
485;856
485;615
485;503
486;631
486;2334
487;82
487;924
488;1349
488;695
489;1938
490;2148
491;1387
491;326
492;51
492;428
492;430
493;331
494;1397
494;401
495;1076
495;1499
496;1364
496;804
496;1337
496;1179
496;1084
497;1075
497;188
497;829
497;126
497;789
498;2417
498;781
499;812
500;2158
501;232
502;458
502;1028
502;1302
503;914
503;1615
504;2298
505;721
505;197
505;519
506;1307
506;892
506;279
507;352
507;205
507;399
507;1073
507;1431
508;1810
508;22
509;556
510;2244
511;1691
512;1623
513;1224
513;2104
513;602
513;701
514;2074
515;1110
515;1685
515;214
515;313
515;1717
516;1520
517;2051
518;333
518;1407
519;2337
519;60
520;1958
520;2194
520;1305
520;1626
520;1467
520;2013
521;1273
521;1166
522;1244
523;1447
524;1721
524;15
525;941
525;877
525;50
525;631
525;123
526;1989
527;966
527;394
527;44
527;1807
527;817
527;283
528;1668
528;2116
529;1507
530;2204
531;2208
531;1601
531;2085
531;80
531;2005
531;1400
531;91
531;797
532;1005
532;433
532;530
532;56
532;1818
533;816
533;802
533;413
533;646
534;1084
534;2193
534;218
534;251
534;92
535;674
536;860
536;1695
537;710
537;72
537;1873
537;1315
537;1620
537;856
537;473
537;27
537;1181
537;1022
537;735
538;827
539;1620
539;1339
539;301
540;2232
540;757
540;728
540;1981
541;2015
542;384
542;131
542;587
542;400
542;658
542;54
542;347
542;831
543;1170
544;1672
544;1004
545;2380
545;1714
545;1401
545;890
545;1532
546;491
546;1645
546;1391
546;2353
546;2197
547;2250
547;877
548;2370
549;1828
549;632
550;2033
551;828
552;1968
553;111
553;1493
553;730
553;1084
554;1792
555;1505
555;1371
556;1838
557;776
558;274
558;115
558;2012
558;590
558;203
559;2159
560;1415
561;1184
561;320
562;1650
562;1317
563;1647
563;871
564;946
564;861
565;728
566;1642
566;1901
567;17
567;63
568;1190
569;347
570;1505
571;614
572;312
572;401
572;139
572;109
573;915
574;114
574;2133
574;30
575;1464
576;906
576;291
576;1316
577;1708
578;1322
579;2280
580;972
580;2062
580;1492
580;731
580;1087
581;2356
582;45
583;1786
583;555
584;2248
584;1321
585;898
586;2404
587;2216
587;1791
587;1724
587;1206
588;434
588;1211
588;188
589;276
590;1992
590;36
591;2261
591;286
592;2192
592;2043
593;1088
593;1315
593;268
594;1033
594;461
594;86
594;718
594;446
595;1259
595;1869
595;1678
595;282
595;1918
596;1182
597;1733
597;401
597;822
597;188
597;1598
598;1707
599;1687
600;427
601;1944
602;885
602;1190
602;1127
602;1946
603;524
604;1513
605;308
606;1563
606;1857
606;51
606;92
607;1667
608;1101
608;784
608;2137
608;315
608;29
609;1396
610;2326
610;816
610;881
610;1507
610;86
610;1208
610;699
610;478
611;441
611;1436
611;220
612;1970
612;732
612;255
613;1717
614;923
615;906
615;182
616;873
617;152
617;161
617;427
618;622
618;2415
619;294
620;603
621;1829
622;1057
622;806
622;647
622;243
622;246
623;2217
624;2327
625;2282
626;228
627;74
628;1101
629;1792
630;1831
631;814
631;83
631;1236
631;1652
631;126
632;302
632;719
633;1345
634;870
635;360
635;1161
635;676
636;2211
637;1185
637;354
637;293
637;1201
637;983
637;286
637;511
638;2314
638;56
638;219
638;60
639;2388
640;345
641;1279
642;2024
642;1477
643;211
643;1221
644;1357
644;927
645;1691
645;1801
645;44
645;1625
645;1492
645;763
645;1084
645;2012
646;840
647;188
647;1565
648;798
649;1774
650;1184
650;1232
650;1008
650;60
650;157
650;30
651;1394
651;59
651;1548
652;209
652;890
653;1495
653;1305
654;1620
654;2310
655;1916
656;1572
657;622
658;2234
659;2005
660;547
661;1509
662;1074
662;437
662;56
662;1822
663;2292
663;564
663;984
663;153
663;316
664;1841
664;891
664;484
664;238
665;131
665;1033
665;2188
665;173
665;856
665;952
666;1161
667;2144
667;457
668;160
668;831
669;512
669;894
669;54
670;131
670;1298
670;1150
671;1525
672;898
672;68
672;1669
672;1350
672;188
672;1131
672;268
672;846
672;252
673;1286
674;2252
674;637
675;1574
675;174
676;257
676;1800
676;521
676;1610
676;44
676;2041
676;957
677;1715
678;242
678;1269
678;126
678;1079
679;212
679;1559
680;894
680;126
681;1048
681;2115
682;968
682;872
683;24
684;30
685;842
685;1470
685;87
686;1379
687;1828
687;118
687;54
687;948
687;58
687;507
687;1374
688;50
688;2102
688;1591
688;952
688;188
688;2430
689;2143
690;2307
690;188
691;2249
691;733
691;583
692;177
692;298
692;1175
692;1548
692;1735
692;82
692;1620
692;1015
692;1016
692;894
692;159
693;67
693;1110
693;871
693;971
693;500
693;214
694;2381
694;159
695;1355
695;687
696;2021
697;1941
698;1947
699;1528
699;1291
699;1015
700;1452
701;232
701;594
701;686
702;681
703;1161
703;788
704;1829
704;2151
704;2153
704;54
705;1347
706;196
706;1562
706;1155
706;1084
707;1177
708;2215
709;1161
709;203
709;593
709;2008
709;987
710;226
710;347
710;242
711;2248
712;1731
713;1670
714;2163
714;2116
715;748
716;60
716;245
716;1999
717;1296
718;956
719;258
719;966
720;979
721;16
721;2116
721;934
721;1966
722;2429
723;2419
724;51
724;916
724;238
724;470
724;1847
725;1875
725;1215
726;1570
727;2260
727;964
727;341
727;7
728;516
728;126
728;838
728;167
729;814
729;1659
730;786
731;1011
732;152
732;102
733;1981
734;923
734;2111
735;307
736;403
736;997
736;54
736;1336
736;414
736;166
737;845
738;103
738;1148
738;208
738;1458
738;692
738;341
738;856
738;187
738;28
738;1245
739;1386
739;2187
739;2430
739;126
739;758
739;952
739;1689
739;59
739;29
739;510
740;495
740;2189
740;1655
741;2043
742;33
742;115
742;653
743;1026
743;1253
744;2114
744;223
744;255
745;1781
746;1532
747;2066
748;1201
748;1238
748;263
748;731
748;44
749;974
750;2219
751;1799
751;104
751;519
751;1100
752;234
753;1290
753;152
754;2097
755;2354
755;2214
756;842
756;1819
756;1326
757;1593
758;1232
758;693
759;513
759;238
760;2290
760;575
760;252
760;1247
761;86
761;1807
762;2420
763;409
763;668
764;490
764;347
764;348
764;1638
765;1104
766;76
767;1280
767;1233
768;1305
768;1021
769;2385
769;1501
770;484
770;74
770;936
770;1685
770;1560
770;1306
770;796
771;2340
771;255
772;1462
772;1420
773;2148
774;143
774;433
774;2332
774;1855
775;1169
775;2308
775;1409
776;1548
776;188
777;2048
778;1899
778;400
778;854
779;976
780;1137
780;2147
781;92
782;1748
783;889
784;2376
785;359
785;1206
785;2231
785;1084
785;1407
786;1955
787;2300
788;1766
789;460
790;1591
790;815
791;1852
792;1257
792;44
792;433
792;50
793;885
794;1952
794;358
795;1056
795;33
795;1341
796;1522
796;1302
797;663
798;673
799;12
800;641
801;536
801;982
802;1742
803;1509
804;1199
805;2318
806;1249
806;716
807;1427
808;2262
809;1424
809;2301
809;110
810;2335
811;188
811;1285
812;314
812;1165
812;286
813;70
814;853
815;672
815;164
815;710
815;239
815;2000
815;628
816;8
816;180
816;1735
817;367
817;776
817;2302
817;1272
817;1724
817;29
817;1629
818;1091
819;1138
820;1099
820;1558
821;1321
821;1050
821;1948
822;546
823;1974
824;10
824;115
824;1908
825;537
826;393
826;268
827;1416
827;1113
827;461
828;780
829;418
829;1515
829;425
830;1961
831;2188
832;173
832;2053
833;1201
834;545
835;1555
836;2375
837;2224
837;887
838;396
839;1128
839;554
840;168
840;164
841;918
841;1327
842;598
842;11
842;1100
842;718
842;2256
842;854
842;856
843;1746
844;1780
844;959
845;1010
845;858
846;59
846;854
847;1085
848;274
848;1421
849;1767
850;820
850;1494
850;1407
851;2208
851;190
851;1759
852;1936
853;1299
853;265
854;179
854;332
854;254
854;286
855;609
855;566
856;33
856;1647
857;752
857;625
857;986
857;811
857;463
858;1353
859;1412
859;558
860;1084
860;101
861;992
862;1543
863;44
863;590
863;437
863;922
863;1211
864;1356
865;1716
866;412
866;871
867;1171
867;164
867;71
868;605
869;1761
869;44
869;1805
870;1368
870;846
871;1735
871;333
871;819
871;2074
871;1756
872;241
873;1027
873;1370
874;2212
875;583
876;293
876;1006
876;303
876;1590
876;2429
876;894
876;182
877;2234
877;351
878;727
879;1531
880;1289
881;1926
881;1865
882;905
883;2317
884;389
884;2421
885;1409
885;296
885;399
885;116
885;341
885;413
885;766
886;1288
886;306
886;354
887;2060
888;952
888;386
889;419
890;291
891;305
892;536
892;1961
892;131
892;852
893;824
893;1611
893;68
894;409
894;388
894;1525
895;34
895;60
895;29
896;1099
897;1987
897;1614
897;99
898;766
898;471
899;1305
900;1344
901;790
901;1223
902;1069
903;292
903;232
903;105
903;940
903;1305
904;2395
905;125
906;216
906;634
906;459
906;1906
907;1959
907;537
907;1403
908;196
908;583
908;44
908;1164
908;1201
908;531
908;535
908;952
908;932
908;188
908;317
908;255
909;501
910;170
910;1900
910;527
910;400
910;728
911;1421
912;1357
912;1639
913;1506
913;1626
914;1982
915;88
915;1394
916;1905
916;2354
917;44
917;2069
917;1503
918;104
918;1868
919;2123
920;86
920;615
920;2041
921;401
922;312
922;26
923;144
923;44
924;1051
925;2305
925;2310
925;1649
925;85
926;483
926;876
927;2171
927;533
928;1303
928;2428
929;328
929;1810
929;2430
929;566
930;33
930;258
931;235
931;1157
932;1215
933;1313
934;1584
934;1489
935;22
935;2135
936;1912
936;1434
937;1634
937;1804
937;1346
937;1175
938;309
939;1546
939;484
940;64
941;1095
942;768
943;2409
943;1084
944;1824
944;212
944;228
944;2353
945;1492
945;2207
946;1188
947;705
948;465
948;78
948;1903
948;240
948;1841
948;399
949;1057
949;68
949;1293
949;567
950;1378
950;2052
951;2090
951;623
952;1816
952;2114
952;421
952;87
952;824
953;486
954;871
955;258
956;2327
956;890
956;188
956;346
957;963
957;1355
957;109
957;624
957;1169
957;404
957;1015
957;180
957;884
957;415
958;1872
959;67
959;685
959;118
960;1521
960;1842
960;790
961;2165
962;585
963;196
964;1410
964;725
964;790
965;1680
965;455
966;401
966;294
967;1867
968;2352
968;1269
969;314
969;571
969;1662
969;2367
970;2423
970;1881
970;507
971;687
971;1333
971;989
972;1612
973;44
973;1506
973;1169
973;2269
974;867
974;1548
974;1277
975;2304
976;1041
976;1293
976;54
976;1853
977;473
977;402
977;148
977;258
977;197
978;2246
978;1275
978;1084
978;2077
979;1573
979;54
979;953
979;2170
979;926
980;1736
981;198
981;606
981;390
982;694
982;1735
983;1376
984;808
984;1735
985;1291
985;171
986;40
987;1285
988;1581
989;707
989;454
990;2094
990;1951
991;1661
991;1102
992;2338
993;2322
994;1556
995;2256
995;2002
995;1437
995;286
996;2330
997;1046
998;2371
999;163
1000;104
1000;330
1001;1388
1001;1735
1002;1867
1002;2348
1002;1716
1003;258
1003;1161
1003;1098
1003;883
1003;1337
1003;317
1003;286
1004;836
1004;1829
1004;583
1004;1101
1004;143
1004;147
1004;856
1004;572
1004;2077
1005;2162
1005;447
1006;32
1007;373
1007;765
1008;331
1008;1168
1008;1084
1009;1391
1010;522
1010;112
1010;2332
1010;957
1010;1534
1011;1920
1011;1156
1011;152
1012;1509
1012;687
1012;251
1013;1249
1013;141
1013;13
1013;368
1013;722
1013;51
1013;1685
1013;1370
1013;1712
1013;2206
1014;51
1014;1144
1014;2364
1015;988
1015;613
1016;35
1016;136
1016;1842
1016;963
1016;1269
1017;2202
1018;682
1018;74
1019;1463
1019;54
1019;167
1020;1778
1021;1014
1021;302
1021;367
1022;810
1022;1814
1023;1251
1023;838
1024;1169
1025;156
1025;1483
1025;2375
1026;617
1027;17
1027;389
1027;1030
1027;2152
1027;177
1027;196
1027;110
1027;1169
1027;1299
1027;789
1027;1497
1027;892
1028;2059
1029;2401
1030;2085
1030;136
1030;42
1030;856
1030;1343
1031;1136
1031;660
1032;529
1032;2065
1033;332
1033;1084
1034;1552
1034;199
1035;110
1035;904
1035;2293
1035;1366
1036;1269
1036;30
1036;1950
1037;932
1037;1809
1037;501
1037;92
1037;1822
1037;31
1038;504
1038;1185
1038;341
1038;583
1039;710
1039;1735
1039;2429
1039;286
1040;1060
1040;2351
1040;504
1040;274
1040;2164
1040;54
1040;215
1040;152
1040;1084
1041;1617
1042;1315
1042;1320
1042;495
1042;80
1042;1905
1042;2198
1042;159
1043;485
1043;329
1043;400
1043;2356
1043;349
1044;1893
1045;1297
1045;101
1046;892
1046;462
1047;976
1048;637
1048;54
1048;29
1049;2181
1050;2079
1050;125
1050;1671
1051;961
1052;952
1053;1761
1054;2067
1054;1685
1055;272
1055;188
1055;277
1056;357
1056;1959
1056;330
1056;22
1056;31
1057;1000
1058;2136
1058;93
1058;1863
1059;152
1059;2339
1059;131
1060;329
1060;268
1060;366
1061;1161
1061;340
1062;1058
1063;2209
1063;1654
1063;646
1063;1337
1064;444
1064;1084
1065;2097
1065;389
1066;1882
1067;1386
1068;435
1069;2119
1069;952
1069;1375
1070;548
1071;1557
1071;278
1071;791
1072;929
1072;50
1072;1268
1073;1284
1074;241
1074;546
1075;1363
1075;312
1076;428
1076;1407
1076;708
1076;422
1076;1153
1077;1358
1078;1553
1078;1620
1079;2054
1080;312
1080;1680
1080;50
1080;188
1080;57
1081;1913
1082;298
1083;1161
1084;342
1085;2052
1085;471
1086;1763
1087;179
1087;646
1087;846
1087;79
1087;434
1087;115
1087;314
1087;891
1087;1084
1087;127
1088;1013
1088;54
1089;1517
1089;671
1090;792
1090;1097
1090;130
1090;1245
1091;1483
1091;1372
1092;2410
1093;2262
1093;271
1094;2392
1095;2385
1095;1907
1095;574
1096;97
1096;1507
1097;1186
1097;2083
1097;1060
1097;1079
1098;132
1099;811
1100;580
1100;101
1100;716
1100;237
1100;115
1100;854
1100;740
1101;1445
1102;4
1103;1404
1103;86
1103;2200
1103;1146
1103;59
1103;1084
1104;938
1105;474
1106;981
1107;696
1107;257
1108;720
1109;320
1110;936
1110;167
1111;1866
1112;1866
1112;2204
1113;1697
1113;542
1113;1007
1114;561
1115;298
1115;1100
1115;173
1115;404
1115;854
1115;408
1115;731
1115;2268
1116;1524
1117;146
1118;322
1118;1644
1118;862
1119;1216
1120;2084
1120;167
1120;473
1120;1499
1121;1763
1121;1616
1121;118
1122;2161
1123;1097
1123;50
1123;428
1124;1332
1125;1535
1126;104
1126;1616
1126;602
1126;771
1127;2138
1128;187
1128;1580
1128;739
1129;1230
1130;960
1131;1620
1131;1683
1131;164
1131;437
1131;61
1132;908
1133;392
1133;846
1134;2004
1134;1854
1134;1407
1135;1937
1136;1843
1136;966
1137;312
1138;68
1138;1084
1138;333
1139;468
1139;1494
1140;256
1140;1169
1140;258
1140;2420
1141;672
1141;830
1142;1809
1142;1066
1143;952
1143;269
1143;367
1144;1319
1145;1784
1145;1308
1146;1686
1146;1627
1147;1426
1148;2088
1148;312
1149;616
1149;385
1149;892
1149;742
1149;647
1150;408
1150;1272
1150;250
1150;835
1151;1479
1152;2295
1152;44
1152;2157
1153;2014
1153;983
1154;1169
1155;1440
1155;259
1156;583
1156;2124
1156;1269
1157;872
1158;2182
1159;671
1159;223
1159;807
1160;1461
1161;617
1161;2074
1161;1566
1162;2025
1162;1340
1162;1533
1163;1809
1164;200
1164;1572
1165;113
1166;1305
1167;208
1167;1246
1168;1589
1168;2038
1169;354
1169;1126
1170;290
1171;160
1171;80
1171;2337
1171;110
1171;1063
1172;1761
1173;153
1173;238
1173;1895
1174;200
1174;778
1174;955
1174;1275
1175;970
1176;1891
1176;1159
1177;1084
1178;1498
1179;2072
1180;1156
1180;1429
1181;803
1181;1959
1181;328
1181;824
1181;591
1181;1521
1181;722
1181;131
1181;664
1181;899
1181;735
1182;787
1182;1084
1183;377
1183;1770
1183;1947
1183;1964
1183;6
1184;1205
1185;1556
1185;1221
1186;1896
1186;1271
1187;680
1187;1568
1187;699
1188;184
1189;202
1190;898
1190;1756
1191;1357
1191;6
1192;1435
1193;2117
1194;1317
1194;393
1194;525
1194;1038
1194;1709
1194;948
1194;22
1194;1562
1194;2074
1194;126
1195;251
1196;1369
1197;564
1197;1317
1197;1910
1198;2309
1199;952
1199;893
1199;221
1200;2418
1201;904
1202;2027
1202;2224
1202;1435
1202;1276
1203;1316
1203;1431
1204;5
1204;1961
1204;44
1204;312
1204;601
1205;610
1206;1243
1207;202
1207;622
1208;848
1208;631
1208;159
1209;517
1209;1622
1210;2203
1210;1084
1211;1131
1211;1357
1211;1295
1211;1171
1211;916
1212;698
1213;1059
1214;2016
1214;1896
1214;1646
1214;1138
1214;759
1214;127
1215;2058
1215;180
1215;1175
1215;1940
1215;1084
1216;1979
1216;617
1216;136
1216;972
1216;1260
1216;1800
1216;2039
1216;987
1216;1084
1216;126
1217;705
1217;1354
1217;2395
1217;630
1218;938
1218;1486
1218;336
1218;49
1218;54
1218;2236
1219;689
1219;1492
1220;1169
1220;594
1220;164
1220;105
1221;1865
1221;1419
1221;1394
1222;824
1222;856
1222;499
1222;1317
1222;751
1223;493
1224;1394
1225;460
1225;1909
1225;1655
1226;984
1226;1084
1227;1712
1227;1042
1227;742
1228;488
1228;2316
1228;207
1228;1520
1228;19
1228;854
1229;2122
1229;957
1229;1790
1230;1986
1231;1548
1231;1434
1232;545
1232;2198
1233;745
1233;1911
1234;1837
1234;260
1234;695
1234;263
1235;1093
1235;1118
1236;196
1236;197
1236;871
1236;199
1236;300
1236;1325
1236;399
1236;432
1236;671
1237;1690
1238;2400
1239;1965
1240;1458
1240;102
1240;1726
1241;2285
1242;2266
1243;395
1243;21
1244;1200
1245;1329
1246;2167
1247;1161
1247;166
1248;2387
1248;1533
1249;1993
1249;1394
1249;643
1250;1851
1251;2009
1251;44
1251;1126
1252;1773
1252;797
1253;1599
1254;2333
1255;1092
1256;1305
1256;1059
1256;1126
1257;2276
1258;336
1259;2126
1260;994
1260;399
1260;286
1260;639
1261;969
1261;1948
1262;1804
1263;1029
1263;54
1264;1141
1265;891
1266;1161
1266;1611
1266;2195
1266;1685
1266;1110
1266;183
1266;347
1266;348
1266;1565
1266;1205
1267;2173
1268;1367
1269;1196
1270;1296
1270;393
1270;68
1270;519
1271;240
1271;337
1271;1439
1271;566
1271;103
1272;1842
1272;196
1272;1653
1272;830
1272;455
1273;769
1273;986
1273;1509
1274;384
1274;389
1274;375
1274;1080
1274;252
1274;381
1274;1726
1274;31
1275;704
1275;657
1275;519
1276;2206
1277;587
1277;1859
1278;275
1278;2197
1279;1475
1280;1521
1280;1629
1281;9
1281;1186
1281;699
1281;73
1282;1696
1283;1169
1283;50
1283;180
1283;1886
1284;1408
1284;482
1284;1306
1284;590
1285;1579
1286;1394
1286;1589
1286;2422
1286;383
1287;775
1288;2253
1289;264
1289;354
1289;196
1290;1813
1291;169
1291;353
1292;1002
1293;1347
1293;2180
1293;459
1293;54
1294;196
1294;1451
1294;1202
1294;2421
1294;310
1294;1214
1295;56
1296;33
1296;884
1297;2178
1297;854
1298;2227
1299;777
1300;200
1301;2418
1302;132
1303;930
1303;1031
1304;891
1304;165
1305;1993
1305;130
1305;899
1306;97
1306;130
1306;451
1306;168
1306;867
1306;952
1307;336
1307;1606
1308;897
1309;1882
1310;1869
1310;1110
1311;1949
1311;359
1312;2429
1313;2235
1314;2344
1315;384
1315;59
1316;779
1317;416
1317;313
1318;2116
1318;1489
1319;2347
1319;691
1320;24
1320;900
1320;205
1321;583
1322;2056
1322;1114
1322;196
1322;79
1323;268
1323;1786
1323;172
1323;196
1323;1105
1324;1548
1324;196
1325;99
1325;1628
1326;2397
1327;2098
1328;1985
1328;1394
1329;2052
1329;169
1329;1016
1329;537
1329;1084
1330;352
1330;899
1331;1402
1332;856
1332;89
1332;1562
1332;611
1332;524
1333;321
1334;1657
1334;1172
1334;1093
1334;286
1335;1296
1335;265
1335;1098
1335;111
1336;683
1337;473
1338;1853
1339;1232
1340;1845
1341;967
1342;1086
1343;1220
1343;1518
1344;2346
1345;352
1345;1715
1345;2198
1346;888
1347;1169
1347;1061
1348;573
1349;400
1349;473
1350;110
1350;972
1350;1293
1350;1070
1351;681
1352;1676
1352;892
1353;51
1354;640
1354;825
1355;2179
1356;1251
1356;2109
1357;1084
1358;193
1359;842
1359;255
1360;1426
1361;1577
1362;224
1362;1537
1362;980
1362;1053
1362;255
1363;1592
1363;1724
1364;1763
1364;164
1365;1939
1366;1160
1366;1165
1366;1975
1367;837
1368;1536
1369;1105
1370;33
1370;1735
1370;724
1370;119
1370;2360
1370;347
1371;1601
1371;1611
1371;804
1371;871
1371;1482
1371;263
1371;1521
1371;22
1371;57
1371;731
1371;1834
1372;427
1372;1815
1372;570
1372;1470
1373;2391
1374;481
1374;571
1374;1699
1375;416
1375;737
1376;1389
1377;176
1377;434
1377;427
1378;293
1379;764
1379;789
1380;1633
1380;107
1381;1990
1381;1190
1382;1576
1382;274
1383;268
1383;2231
1384;1728
1385;480
1386;399
1386;80
1386;2005
1386;1657
1386;1020
1386;893
1387;1660
1388;384
1388;404
1388;1598
1389;1829
1390;1449
1390;31
1391;1176
1392;1408
1392;1665
1392;1061
1392;1126
1392;1735
1392;106
1392;1900
1392;814
1392;80
1392;20
1392;661
1392;280
1392;1434
1393;2402
1393;54
1394;746
1395;2249
1395;1043
1395;2005
1395;2429
1396;2055
1397;1403
1397;59
1397;1724
1397;1446
1397;1023
1398;716
1398;2237
1399;963
1400;1848
1400;86
1400;952
1400;186
1400;60
1401;1720
1401;196
1401;758
1402;1024
1402;537
1402;1763
1402;1916
1403;1890
1403;2410
1403;1818
1403;1275
1403;1596
1404;2231
1405;2273
1405;1182
1406;966
1406;1641
1406;429
1406;495
1406;15
1406;446
1406;1407
1407;545
1408;618
1408;196
1409;483
1410;2137
1411;196
1411;295
1411;2349
1412;1204
1412;2197
1413;672
1413;900
1414;1988
1414;1471
1414;1718
1414;407
1414;1263
1414;60
1414;991
1415;44
1415;534
1415;110
1416;1887
1417;2180
1417;478
1418;1409
1418;687
1419;2044
1419;205
1419;1447
1420;1816
1420;43
1420;134
1421;1117
1422;50
1423;1248
1424;913
1425;210
1425;2354
1426;1738
1427;931
1427;1084
1428;859
1429;2190
1430;165
1430;1278
1431;232
1431;115
1431;909
1432;1338
1432;324
1432;1725
1433;890
1433;2066
1434;1530
1435;1472
1436;456
1437;888
1437;659
1438;1914
1438;533
1439;225
1439;1626
1439;1083
1439;342
1440;2022
1441;848
1441;328
1442;1467
1443;572
1444;1500
1445;891
1445;1679
1445;529
1445;121
1445;1499
1446;937
1447;1598
1447;646
1448;1357
1448;118
1448;2363
1449;484
1449;790
1449;54
1450;1953
1451;1976
1452;2155
1452;181
1453;196
1453;333
1453;1743
1453;469
1453;1370
1454;188
1454;444
1455;1432
1456;384
1456;1035
1456;286
1457;257
1457;99
1457;1572
1457;905
1457;535
1457;268
1457;497
1457;188
1457;182
1457;60
1457;508
1458;1347
1458;263
1459;268
1460;465
1460;882
1461;513
1461;820
1462;864
1462;169
1463;289
1463;261
1464;462
1464;399
1465;1737
1465;1615
1465;76
1465;1063
1466;1794
1467;33
1467;324
1467;60
1467;1505
1468;467
1469;1455
1470;706
1470;1700
1471;1878
1471;847
1472;1718
1472;1373
1472;2366
1472;1247
1473;265
1473;550
1473;2009
1474;2362
1475;2090
1475;164
1476;80
1476;785
1476;44
1476;15
1477;1784
1478;2253
1479;2239
1479;1502
1479;799
1480;2082
1481;829
1482;2421
1483;1312
1484;1418
1485;742
1486;726
1487;2010
1487;1626
1488;1379
1489;2289
1490;257
1490;171
1490;228
1491;152
1491;1154
1492;264
1493;427
1493;590
1493;1839
1493;1201
1493;952
1493;987
1493;990
1494;944
1494;627
1494;174
1495;564
1495;1381
1496;1189
1497;257
1497;2009
1498;1879
1498;1711
1498;854
1498;2039
1498;952
1498;516
1498;959
1499;1041
1499;1900
1499;785
1499;2259
1499;2295
1499;632
1500;2324
1501;1347
1501;1969
1501;393
1501;273
1501;150
1501;1083
1501;785
1502;1842
1502;174
1502;151
1503;1265
1504;1216
1504;257
1504;482
1504;539
1505;369
1506;544
1506;871
1506;1556
1506;54
1506;212
1506;1306
1507;1262
1508;952
1508;2077
1509;393
1509;1252
1509;1169
1510;1648
1510;110
1511;1550
1512;2168
1513;1558
1514;1561
1515;2229
1516;1640
1516;182
1516;902
1517;16
1517;341
1518;1442
1519;902
1519;646
1520;954
1521;136
1522;1233
1522;1274
1522;427
1522;132
1523;1689
1523;1318
1524;32
1524;337
1524;229
1525;1324
1526;44
1527;1221
1528;1153
1528;1603
1528;115
1529;258
1529;1317
1529;1672
1529;41
1529;1201
1529;1365
1529;952
1529;826
1529;795
1529;957
1530;2403
1530;2127
1530;660
1530;888
1531;545
1531;661
1531;14
1532;312
1532;75
1533;1232
1533;1198
1534;1509
1534;582
1535;1602
1536;1072
1537;401
1537;1357
1538;268
1539;1519
1539;1724
1540;1016
1540;2146
1540;708
1540;1126
1541;401
1541;1723
1541;302
1541;655
1542;2325
1542;1789
1543;931
1544;2075
1544;1084
1545;1769
1545;557
1546;908
1546;2157
1546;1585
1547;1958
1547;904
1547;1674
1547;2063
1547;1207
1547;59
1547;188
1547;286
1548;8
1549;656
1549;401
1549;1411
1550;353
1550;2180
1550;33
1551;2185
1551;280
1551;59
1551;575
1552;1135
1553;1760
1553;1331
1554;1001
1554;1542
1555;1688
1556;1293
1557;155
1557;1359
1558;1675
1559;2096
1559;504
1559;952
1559;1016
1559;129
1560;938
1560;44
1560;1357
1560;110
1560;401
1560;1523
1560;1763
1560;2250
1561;1098
1561;732
1562;1223
1563;1820
1564;1594
1565;1800
1565;1446
1565;583
1566;1842
1566;1187
1566;202
1567;347
1567;1131
1567;535
1568;329
1569;1821
1570;1637
1571;1120
1571;473
1571;1556
1572;808
1572;629
1572;429
1572;886
1572;749
1573;1380
1574;1830
1575;104
1575;1265
1575;167
1576;453
1576;966
1576;1195
1576;110
1576;463
1576;1842
1576;2074
1577;884
1577;2349
1577;1422
1577;1931
1578;2257
1579;1280
1579;2217
1579;339
1579;2040
1580;1302
1581;427
1582;952
1582;1074
1582;723
1582;389
1582;87
1583;1161
1583;1140
1583;759
1584;1802
1585;776
1585;1177
1585;59
1586;2326
1587;841
1587;962
1588;1897
1588;319
1589;2064
1589;871
1590;2315
1591;844
1592;1361
1592;1013
1593;196
1593;968
1593;300
1593;44
1593;302
1593;527
1593;872
1593;152
1593;987
1593;668
1593;2302
1593;959
1594;364
1594;436
1594;934
1594;1278
1595;770
1595;1607
1596;56
1596;1097
1597;66
1597;324
1598;187
1598;990
1599;2062
1599;1431
1600;2341
1601;178
1601;399
1601;677
1601;1543
1602;1944
1603;1727
1604;1102
1605;2037
1605;1165
1606;400
1606;1354
1606;251
1607;145
1607;2009
1608;132
1609;1489
1610;1881
1611;1481
1611;110
1611;143
1612;104
1612;1586
1612;1084
1612;1306
1612;925
1613;140
1613;1287
1614;882
1614;475
1615;537
1615;302
1616;598
1616;297
1616;44
1616;1811
1616;86
1616;312
1617;577
1618;1826
1618;1510
1618;1458
1618;56
1618;1305
1619;416
1619;320
1619;263
1619;273
1619;1195
1619;1201
1619;1429
1619;251
1620;258
1621;2086
1621;60
1622;1883
1623;1469
1624;2365
1625;682
1626;934
1627;1161
1627;947
1627;341
1627;710
1627;15
1628;112
1629;2374
1629;677
1629;198
1629;909
1630;1417
1631;682
1631;44
1631;270
1631;79
1631;560
1631;854
1631;1209
1632;1666
1632;886
1633;872
1633;1169
1634;1841
1635;749
1635;1758
1635;2140
1635;446
1636;2128
1636;1409
1636;676
1637;672
1637;260
1637;1031
1637;304
1637;2020
1638;1803
1639;160
1640;1486
1640;2175
1641;1541
1642;856
1642;712
1643;8
1643;2234
1643;54
1643;46
1644;1012
1645;2337
1645;762
1645;1540
1646;1514
1646;188
1647;33
1647;484
1647;425
1648;268
1648;2125
1649;1719
1650;955
1651;59
1652;367
1652;2030
1652;1511
1653;277
1653;110
1654;2008
1655;2240
1655;403
1655;1349
1655;54
1656;1005
1657;540
1658;1016
1659;973
1659;337
1659;1788
1660;936
1660;44
1661;722
1662;437
1663;1442
1664;538
1665;328
1665;159
1665;853
1665;1543
1666;1169
1666;1994
1666;1619
1667;236
1667;1575
1668;40
1668;1548
1668;1165
1668;656
1668;2074
1669;2299
1669;164
1669;2121
1669;951
1669;1275
1669;126
1670;152
1670;498
1671;1057
1672;2189
1673;132
1673;1768
1673;535
1673;286
1673;159
1674;602
1675;1234
1675;1119
1676;1459
1677;506
1677;1180
1678;648
1678;601
1678;235
1679;2040
1679;50
1680;1962
1681;684
1682;2118
1683;384
1683;1505
1683;79
1684;1320
1684;802
1684;844
1684;354
1685;329
1685;1341
1686;374
1687;895
1687;196
1687;1293
1687;1455
1688;1394
1688;1174
1688;239
1689;376
1689;98
1689;108
1690;1806
1690;15
1691;6
1691;488
1691;429
1691;530
1691;275
1691;664
1691;1852
1691;1245
1692;1618
1692;92
1693;898
1694;1304
1695;715
1695;853
1695;211
1696;328
1696;7
1697;2012
1698;2265
1699;2120
1699;1622
1700;1735
1701;36
1702;1787
1702;652
1702;597
1702;54
1702;1048
1702;603
1702;510
1703;1133
1703;854
1703;1853
1704;929
1704;811
1704;124
1705;1450
1706;1265
1706;819
1706;1084
1706;1613
1707;2100
1708;320
1708;44
1708;1685
1709;1785
1710;2014
1711;1169
1711;100
1712;17
1712;1154
1713;2342
1714;224
1714;1226
1714;268
1715;926
1716;316
1716;987
1716;428
1717;1932
1718;617
1718;641
1719;230
1719;2191
1720;521
1720;722
1720;1900
1720;2053
1721;572
1722;449
1722;302
1722;752
1722;437
1722;759
1722;1178
1722;1115
1723;2112
1723;1165
1723;1296
1723;665
1723;634
1723;31
1724;1337
1724;154
1725;578
1726;152
1726;490
1727;1025
1728;1889
1728;258
1728;2339
1728;43
1728;1070
1728;401
1728;562
1728;2259
1728;1556
1728;1509
1729;1879
1730;1568
1730;737
1730;183
1731;1827
1731;758
1731;31
1732;130
1732;390
1733;129
1733;1220
1733;1585
1734;1673
1735;302
1735;2231
1736;31
1736;1351
1737;167
1738;1222
1739;2153
1739;404
1739;1841
1740;360
1740;657
1740;307
1740;2167
1740;728
1741;1003
1741;196
1742;393
1742;110
1743;1888
1744;472
1744;633
1745;1858
1745;1223
1745;1905
1745;757
1745;1622
1746;2251
1747;2259
1747;811
1747;508
1747;750
1748;1008
1748;987
1748;677
1749;658
1750;616
1750;33
1750;933
1750;615
1751;400
1752;1356
1752;110
1752;2104
1752;564
1752;1272
1753;1329
1753;1710
1753;710
1753;15
1754;1554
1755;1499
1755;212
1755;1237
1755;823
1756;2230
1757;2426
1757;1037
1757;1015
1758;1761
1758;2279
1758;485
1758;1735
1759;2384
1759;33
1759;451
1759;484
1759;894
1760;1850
1761;361
1762;979
1762;1112
1762;2142
1763;2009
1763;890
1763;740
1763;1306
1764;384
1764;833
1764;1354
1764;1645
1764;1222
1765;1762
1765;44
1766;962
1767;428
1767;1612
1767;1709
1767;1842
1767;697
1767;1048
1767;1401
1767;378
1767;892
1768;258
1768;652
1768;211
1768;2172
1768;1791
1769;1328
1769;785
1769;187
1769;2189
1770;117
1771;2245
1772;2278
1773;1729
1773;1259
1773;711
1773;463
1774;1864
1775;1034
1776;71
1777;2078
1777;341
1778;67
1778;1899
1778;1548
1778;621
1779;2274
1780;248
1781;2186
1781;1963
1782;1842
1782;133
1783;2368
1783;516
1784;104
1784;2104
1784;482
1784;1263
1785;1841
1785;2009
1785;934
1785;151
1786;2264
1787;1904
1788;872
1788;1161
1788;1763
1788;996
1789;1672
1789;1225
1790;2386
1791;513
1792;1137
1792;818
1793;1409
1793;1020
1794;1110
1794;1162
1794;1997
1794;1686
1794;54
1794;572
1794;93
1795;1753
1795;691
1795;1209
1796;135
1796;777
1796;1354
1796;2353
1796;79
1796;1201
1796;566
1797;1084
1797;45
1797;686
1798;1305
1798;533
1798;2381
1799;1287
1800;320
1800;50
1800;643
1801;1761
1801;1194
1801;436
1802;2358
1803;744
1803;258
1803;115
1803;2308
1804;1652
1804;2149
1804;2087
1805;1089
1805;1509
1806;1185
1806;236
1806;2198
1807;681
1807;332
1807;77
1808;1409
1808;2131
1808;1801
1809;1486
1809;110
1810;922
1810;405
1810;2061
1811;160
1812;1496
1812;1641
1812;44
1812;1197
1812;966
1813;2254
1813;717
1814;2050
1814;428
1815;40
1815;993
1815;453
1816;904
1816;137
1816;1054
1817;1403
1817;260
1818;2306
1818;2115
1818;389
1818;263
1818;1232
1819;386
1820;1896
1820;489
1821;970
1821;1315
1821;1140
1821;1533
1822;1408
1822;609
1822;99
1822;964
1822;583
1822;1161
1822;977
1822;1337
1822;164
1823;1643
1823;131
1824;1185
1824;442
1825;745
1826;2116
1827;1138
1828;2408
1829;401
1829;906
1830;2329
1831;1219
1831;277
1831;535
1832;33
1833;362
1833;2074
1833;525
1833;1734
1834;17
1834;300
1834;1958
1834;911
1835;371
1836;953
1836;340
1836;1221
1836;302
1836;1351
1837;675
1838;1902
1839;1153
1839;1315
1839;393
1840;1963
1841;1082
1842;811
1842;646
1843;1841
1843;2099
1844;1161
1845;1513
1845;906
1845;531
1846;1514
1847;1328
1847;1166
1847;646
1847;191
1848;546
1848;1315
1848;1126
1848;76
1848;2095
1848;1123
1848;1816
1849;2201
1850;928
1850;626
1850;131
1850;1509
1851;424
1852;888
1852;594
1852;871
1853;596
1853;205
1854;196
1854;646
1855;1588
1856;354
1857;1201
1858;978
1858;2382
1859;568
1860;2140
1860;29
1861;1642
1862;2361
1862;821
1863;288
1863;2019
1864;1971
1864;1860
1864;1301
1864;1302
1864;1111
1865;1903
1866;596
1866;1382
1867;205
1868;2057
1868;1701
1868;646
1868;263
1869;1713
1870;1315
1870;1445
1870;9
1870;716
1870;431
1870;436
1870;565
1870;504
1870;2234
1870;253
1871;800
1872;2384
1872;825
1873;33
1873;899
1873;1556
1874;642
1875;1376
1876;1161
1876;1090
1876;126
1877;602
1877;1460
1877;253
1877;766
1877;167
1878;60
1879;912
1879;196
1879;1735
1879;1834
1879;615
1879;205
1879;176
1879;1265
1879;883
1879;916
1879;1016
1879;752
1880;18
1881;2194
1882;1056
1882;146
1882;555
1882;596
1882;503
1883;1347
1884;856
1884;1341
1884;1798
1885;1413
1885;1134
1885;2327
1885;792
1885;251
1886;608
1887;384
1887;1963
1887;711
1888;888
1889;1528
1889;2296
1889;1794
1890;620
1891;1894
1891;302
1891;94
1892;1177
1892;393
1893;1406
1894;842
1894;602
1895;397
1896;68
1897;1957
1897;122
1897;731
1897;1533
1898;2065
1898;309
1898;1259
1898;2231
1899;1032
1899;164
1900;152
1900;1185
1900;2234
1900;1122
1900;263
1901;162
1901;443
1902;810
1902;853
1903;2274
1903;300
1903;44
1903;1326
1903;1684
1903;757
1903;188
1904;1224
1904;33
1904;2126
1905;2041
1905;247
1905;182
1905;1494
1905;1383
1906;387
1907;2210
1907;60
1908;2192
1909;672
1909;1329
1909;1195
1909;164
1909;352
1910;1825
1910;565
1911;2290
1912;1410
1913;2011
1914;1292
1914;355
1914;324
1915;1755
1915;29
1915;1182
1916;1797
1917;1764
1917;1510
1917;1512
1917;42
1917;343
1917;911
1917;1809
1917;1651
1917;56
1917;1335
1917;152
1917;25
1917;783
1917;436
1918;427
1918;940
1919;328
1920;2091
1921;2372
1922;1959
1922;1505
1923;969
1924;2379
1925;2109
1925;2231
1926;680
1926;9
1926;1163
1926;334
1926;473
1927;1861
1928;1265
1928;1735
1929;1874
1929;268
1930;1983
1931;589
1931;1662
1932;1638
1933;2323
1934;384
1935;700
1935;146
1935;60
1935;1321
1936;1465
1936;1508
1937;1357
1938;136
1939;1480
1939;1252
1939;197
1939;1766
1939;686
1940;2085
1940;207
1941;588
1941;60
1941;973
1942;231
1942;779
1942;2321
1942;911
1942;657
1942;923
1943;604
1943;212
1943;869
1943;29
1944;1121
1944;891
1944;15
1945;2041
1945;754
1945;30
1946;354
1946;1350
1947;1995
1948;2031
1949;265
1949;37
1950;1846
1951;1370
1951;47
1952;56
1952;197
1953;899
1954;216
1954;1761
1955;579
1956;912
1956;819
1956;2038
1956;2009
1957;1217
1957;1796
1957;1409
1957;1645
1957;143
1957;21
1957;28
1958;1681
1958;60
1958;495
1959;1600
1959;161
1959;743
1960;2009
1960;1735
1961;1191
1962;1609
1962;110
1962;854
1963;1224
1963;749
1964;768
1964;1281
1964;85
1965;1824
1965;676
1965;1735
1965;87
1965;1752
1965;1310
1966;995
1967;67
1968;2257
1969;1057
1969;132
1970;952
1970;427
1970;919
1970;1871
1971;759
1972;2277
1972;56
1973;77
1973;433
1973;341
1973;2393
1973;153
1974;188
1975;1716
1976;257
1976;1130
1977;2141
1977;1855
1978;2130
1979;192
1979;484
1980;328
1981;1409
1981;2373
1981;1990
1981;204
1981;222
1982;1110
1982;628
1982;54
1982;1497
1982;2045
1983;1377
1983;357
1983;7
1983;1735
1983;1161
1983;935
1983;430
1983;223
1983;92
1983;541
1983;1278
1983;735
1984;2287
1985;393
1985;266
1985;923
1986;690
1987;1571
1988;1967
1989;1044
1990;3
1990;2312
1990;1389
1990;239
1990;404
1991;2406
1992;633
1993;1015
1994;152
1995;448
1996;258
1996;324
1997;1065
1998;1635
1999;216
2000;1109
2000;2301
2001;2280
2001;1153
2002;206
2003;1677
2004;233
2004;1586
2005;356
2006;2199
2007;281
2008;1832
2008;1003
2009;753
2010;186
2010;1931
2011;952
2011;986
2011;1823
2012;361
2012;82
2013;1947
2014;2256
2014;1278
2015;1906
2016;2411
2016;2160
2016;180
2016;311
2016;409
2016;1978
2016;442
2016;421
2017;1656
2017;196
2018;438
2019;49
2020;958
2021;429
2022;1024
2023;1984
2024;514
2024;268
2024;126
2025;2150
2026;428
2026;494
2026;263
2027;1795
2028;2356
2028;2068
2029;2416
2030;272
2030;856
2031;475
2032;2272
2033;910
2034;1729
2034;258
2034;2404
2035;1546
2035;110
2035;2255
2035;1239
2035;2139
2036;552
2037;1998
2038;1232
2038;2185
2038;965
2038;749
2039;1125
2039;1137
2039;1266
2039;115
2039;118
2039;732
2040;856
2040;546
2040;899
2041;904
2041;1780
2041;951
2042;1161
2042;18
2042;147
2042;134
2043;330
2044;963
2045;1056
2046;1506
2046;1735
2046;583
2046;654
2046;80
2046;54
2046;636
2047;580
2048;867
2049;1915
2050;1293
2050;1359
2050;2189
2050;2385
2050;50
2051;178
2052;1438
2053;196
2054;1625
2054;549
2055;1443
2055;1311
2056;1164
2057;44
2057;1173
2057;2359
2058;2172
2059;637
2059;966
2059;1487
2060;777
2060;1139
2060;671
2061;2357
2062;640
2062;1321
2062;1372
2062;1404
2063;1544
2063;347
2063;203
2063;110
2064;336
2064;130
2064;495
2064;1031
2065;354
2065;1195
2066;2378
2067;1730
2068;738
2069;2306
2070;2225
2070;758
2070;235
2071;152
2072;188
2072;1212
2073;1158
2073;198
2073;757
2074;934
2075;1545
2075;1905
2075;1650
2075;1076
2075;54
2075;759
2075;794
2076;1842
2076;196
2077;1336
2077;1735
2078;877
2079;363
2079;1084
2079;22
2080;1256
2080;832
2080;461
2080;646
2081;1775
2082;2196
2082;1565
2083;1828
2084;2313
2084;986
2085;110
2085;643
2085;1293
2085;1158
2086;1954
2086;50
2086;1751
2087;232
2087;312
2088;912
2088;984
2088;2035
2088;215
2089;529
2089;110
2089;6
2090;1349
2091;2258
2092;2032
2092;1052
2093;1928
2094;112
2094;49
2094;856
2095;754
2095;343
2096;400
2097;427
2097;68
2097;894
2098;1377
2098;1161
2099;483
2100;466
2101;592
2102;196
2103;44
2103;622
2103;2424
2103;381
2104;72
2104;483
2104;646
2104;2231
2105;722
2105;380
2106;710
2107;1098
2107;131
2108;2123
2108;1662
2109;464
2109;874
2109;2377
2110;1249
2110;1556
2110;1478
2110;2015
2111;424
2112;299
2112;1343
2113;1870
2113;148
2113;728
2113;442
2113;987
2113;1181
2114;1323
2114;1867
2115;64
2116;2336
2116;2368
2117;971
2117;628
2117;854
2118;1320
2119;1865
2119;2231
2119;1036
2119;207
2119;903
2120;168
2121;80
2121;1825
2121;2262
2121;1735
2122;1020
2122;251
2122;1884
2123;1664
2124;2049
2125;1100
2126;1351
2127;1129
2128;1448
2128;250
2129;234
2129;1076
2129;1061
2129;478
2130;710
2130;647
2130;136
2130;1163
2130;1293
2130;17
2130;22
2130;1084
2131;1405
2132;792
2133;1539
2134;331
2135;1441
2135;1892
2135;894
2136;1130
2137;391
2138;2154
2139;1249
2139;258
2139;643
2140;1200
2140;850
2140;251
2140;380
2140;941
2141;2350
2142;912
2142;2081
2142;79
2142;14
2142;2023
2143;922
2144;1077
2145;945
2145;1242
2146;225
2147;1488
2147;1562
2148;417
2148;343
2149;428
2149;196
2150;1898
2150;731
2151;389
2151;469
2152;544
2152;645
2153;1857
2153;60
2153;1527
2154;2343
2154;1338
2154;1084
2155;504
2156;67
2156;1669
2156;136
2156;44
2156;205
2156;179
2157;258
2158;257
2158;1835
2159;2427
2160;196
2160;805
2160;998
2160;906
2160;427
2160;332
2161;1265
2161;1316
2162;1505
2162;328
2162;427
2162;79
2162;1201
2162;54
2162;87
2163;1792
2163;1132
2163;164
2163;1296
2164;2170
2164;188
2164;205
2165;1714
2166;2000
2166;1537
2166;180
2166;856
2167;1739
2167;478
2168;1009
2168;2038
2168;1935
2169;486
2170;1578
2170;1059
2171;1408
2172;1776
2172;17
2172;2081
2173;421
2174;1763
2175;584
2175;329
2175;586
2176;2243
2176;780
2176;79
2176;499
2176;118
2176;665
2176;188
2176;511
2177;555
2178;1088
2179;809
2180;1570
2180;1732
2180;2085
2181;1173
2182;1703
2183;1497
2183;186
2183;2218
2183;1845
2184;572
2184;1812
2185;1255
2185;1487
2185;115
2185;372
2185;1047
2185;1144
2185;31
2186;1056
2187;1384
2188;803
2188;2012
2188;327
2189;834
2189;2085
2190;849
2191;713
2191;314
2191;419
2192;1425
2192;50
2193;1865
2193;35
2193;452
2194;952
2194;1879
2195;1772
2195;44
2195;274
2195;1231
2195;272
2195;2001
2195;50
2196;1925
2196;2183
2197;361
2198;393
2198;21
2198;335
2199;688
2199;1763
2199;349
2200;2412
2200;118
2200;231
2201;44
2201;2222
2202;856
2202;298
2202;1587
2202;1694
2202;742
2203;401
2203;801
2203;213
2203;502
2203;1335
2204;1337
2205;2213
2205;60
2205;255
2206;548
2206;179
2206;988
2206;30
2207;883
2208;1265
2208;125
2208;509
2209;494
2210;963
2211;544
2212;482
2212;966
2212;1235
2212;1567
2212;2303
2213;737
2213;1294
2213;622
2213;1015
2213;1112
2213;2137
2213;923
2214;1352
2214;247
2215;1084
2215;1023
2216;468
2216;1306
2216;1420
2216;1229
2216;1814
2217;1548
2218;488
2219;819
2219;966
2220;83
2220;1106
2220;51
2220;1118
2221;1611
2221;1232
2221;469
2221;1016
2221;1210
2221;286
2222;60
2222;949
2223;457
2223;587
2223;59
2223;1166
2223;1201
2224;1488
2224;132
2225;300
2225;1293
2225;998
2225;2247
2226;384
2226;161
2227;137
2227;2428
2227;710
2228;1434
2229;201
2230;2132
2231;249
2232;904
2232;929
2232;230
2232;465
2233;288
2233;387
2233;1716
2234;1293
2234;1854
2235;1761
2235;340
2235;1245
2235;1047
2236;1960
2237;1698
2238;1476
2238;1735
2239;1885
2240;401
2241;1651
2241;136
2241;1421
2241;851
2241;244
2241;281
2241;152
2241;819
2241;1051
2242;1126
2243;2320
2244;1209
2244;90
2244;55
2244;679
2245;832
2245;906
2245;196
2245;334
2245;1735
2246;1915
2246;230
2247;529
2247;931
2247;1723
2248;1275
2248;854
2249;1646
2250;338
2251;1744
2251;1026
2251;693
2252;80
2252;856
2252;74
2252;1163
2252;1597
2253;100
2253;839
2254;268
2254;1621
2255;2337
2256;1201
2256;180
2256;2125
2257;272
2257;51
2257;258
2257;1771
2257;476
2258;1410
2258;742
2258;262
2258;1611
2258;1585
2258;2074
2258;1605
2259;2242
2259;966
2259;79
2259;884
2259;565
2259;1110
2260;34
2261;1185
2261;1741
2261;48
2261;81
2261;789
2261;699
2261;1084
2262;1777
2263;676
2263;327
2264;678
2265;139
2265;1871
2266;2108
2267;2284
2268;104
2268;2115
2268;487
2269;2270
2270;98
2271;2017
2271;1050
2271;53
2271;1831
2272;104
2272;635
2273;2381
2273;2423
2274;1409
2274;1702
2274;966
2274;110
2274;207
2274;499
2275;1857
2275;365
2275;206
2276;1504
2277;2080
2277;320
2277;1269
2277;367
2278;2152
2278;1161
2278;196
2278;609
2279;217
2279;7
2280;2180
2280;359
2280;1708
2280;205
2280;1076
2280;888
2280;1309
2281;1444
2281;1054
2282;907
2282;1223
2283;161
2283;1572
2283;1814
2283;1032
2283;533
2283;566
2283;599
2284;2205
2285;1723
2286;1234
2286;942
2287;585
2287;1900
2287;1293
2287;814
2288;1151
2289;813
2290;1984
2290;331
2291;784
2291;180
2291;1587
2291;516
2291;270
2292;40
2292;325
2293;1974
2294;80
2295;1283
2296;212
2296;194
2296;196
2297;856
2298;68
2298;904
2298;367
2298;347
2298;60
2298;1661
2299;1395
2300;1334
2301;699
2302;8
2303;65
2304;1595
2304;1134
2305;456
2305;1101
2306;1228
2306;854
2306;54
2307;989
2308;1488
2309;1074
2309;1284
2310;1227
2311;1466
2311;2359
2312;1049
2313;1473
2313;398
2313;496
2313;1201
2313;180
2313;1038
2313;888
2314;2003
2315;1064
2315;196
2315;67
2315;2180
2315;1947
2316;662
2317;1966
2318;200
2318;1385
2319;136
2319;934
2320;842
2321;227
2322;1432
2323;584
2323;1395
2323;2294
2324;1330
2324;252
2324;773
2324;2006
2324;223
2325;2296
2325;1880
2325;1783
2326;225
2326;2070
2327;1480
2327;1372
2327;54
2327;207
2328;888
2328;1019
2328;1166
2329;985
2329;146
2329;741
2330;136
2331;1505
2331;1250
2331;427
2331;541
2331;251
2332;152
2333;1929
2334;1620
2334;1829
2334;1326
2334;406
2335;1149
2335;1048
2335;341
2335;1496
2335;2106
2335;1084
2335;93
2336;2178
2336;621
2337;2180
2337;277
2337;110
2337;399
2338;260
2339;44
2339;492
2340;572
2340;300
2340;349
2340;1935
2341;1934
2341;2207
2342;646
2342;619
2342;44
2342;1171
2342;1876
2342;149
2343;708
2343;165
2343;300
2343;2383
2343;420
2344;2029
2345;1718
2346;256
2346;1317
2346;238
2347;952
2348;68
2348;1735
2349;355
2349;2140
2350;624
2351;1317
2351;1582
2352;872
2353;67
2353;1349
2354;187
2354;139
2354;300
2354;1709
2354;2101
2355;2283
2356;2396
2356;1454
2357;1904
2358;1016
2358;1749
2359;1552
2359;1394
2360;575
2360;2085
2360;119
2361;1169
2361;2189
2361;1661
2362;588
2363;769
2363;258
2363;615
2363;1126
2363;359
2364;544
2364;1824
2364;44
2364;198
2364;167
2365;1507
2366;842
2366;772
2367;2241
2368;1315
2369;32
2369;1224
2369;2414
2370;1169
2370;314
2370;1357
2370;943
2371;2281
2372;2291
2372;565
2372;189
2373;936
2374;1924
2375;921
2375;871
2376;571
2377;1224
2378;186
2378;51
2378;54
2379;747
2380;160
2380;393
2380;647
2381;1265
2381;324
2381;1165
2381;79
2382;232
2382;304
2383;908
2384;2352
2385;632
2385;2429
2386;196
2386;710
2386;9
2386;1166
2386;978
2386;51
2386;854
2386;317
2387;881
2387;1754
2388;131
2389;2328
2390;2241
2390;1222
2391;1305
2391;2346
2391;1108
2391;1829
2392;1538
2392;1013
2392;661
2393;8
2393;681
2393;1291
2394;2288
2394;255
2394;1181
2394;607
2395;1489
2396;1624
2396;2354
2397;941
2397;2301
2398;896
2399;80
2399;1794
2399;1647
2400;1856
2400;2334
2400;871
2401;1270
2401;1147
2401;1293
2401;110
2401;15
2402;451
2403;393
2403;1868
2404;644
2404;1126
2404;110
2404;1360
2404;2226
2404;888
2405;978
2405;115
2405;1942
2406;17
2407;1735
2408;756
2408;1862
2408;79
2409;648
2409;86
2409;1293
2409;1782
2410;1394
2410;1549
2411;301
2411;846
2412;928
2413;500
2413;110
2414;260
2414;966
2414;168
2414;1293
2414;1558
2414;572
2414;349
2415;483
2416;400
2416;1152
2416;1516
2416;1926
2416;430
2417;205
2418;60
2418;933
2419;878
2420;1849
2421;2296
2422;1608
2422;802
2422;1999
2423;681
2423;68
2424;2034
2424;188
2425;2338
2425;643
2425;2053
2425;872
2425;2364
2425;1647
2425;337
2425;499
2425;341
2425;1142
2425;1947
2425;1695
2425;125
2425;222
2425;182
2426;856
2426;945
2427;1706
2428;2057
2429;520
2429;256
2430;970
2430;1611
2430;54
